Id;R;RM;Nome;Squadra;Qt.A;Qt.I;Diff.;Qt.A M;Qt.I M;Diff.M;FVM;FVM M
2428;P;Por;Sommer;Inter;19;18;1;19;18;1;110;110
5876;P;Por;Di Gregorio;Juventus;18;17;1;18;17;1;110;110
572;P;Por;Meret;Napoli;15;15;0;15;15;0;75;75
4312;P;Por;Maignan;Milan;14;15;-1;14;15;-1;71;71
5841;P;Por;Svilar;Roma;14;13;1;14;13;1;70;70
133;P;Por;Skorupski;Bologna;12;11;1;12;11;1;50;50
2170;P;Por;Milinkovic-Savic V.;Torino;12;10;2;12;10;2;52;52
4431;P;Por;Carnesecchi;Atalanta;12;13;-1;12;13;-1;54;54
2814;P;Por;Provedel;Lazio;11;12;-1;11;12;-1;60;60
2815;P;Por;Terracciano;Fiorentina;11;11;0;11;11;0;20;20
610;P;Por;Gollini;Genoa;10;10;0;10;10;0;34;34
2521;P;Por;De Gea;Fiorentina;10;11;-1;10;11;-1;29;29
2134;P;Por;Falcone;Lecce;9;9;0;9;9;0;33;33
574;P;Por;Scuffet;Cagliari;8;7;1;8;7;1;32;32
761;P;Por;Audero;Como;8;9;-1;8;9;-1;18;18
4867;P;Por;Turati;Monza;8;8;0;8;8;0;23;23
4957;P;Por;Montipo';Verona;8;7;1;8;7;1;33;33
6462;P;Por;Okoye;Udinese;8;7;1;8;7;1;35;35
4425;P;Por;Joronen;Venezia;7;6;1;7;6;1;21;21
6125;P;Por;Vasquez D.;Empoli;7;5;2;7;5;2;14;14
6641;P;Por;Suzuki;Parma;7;7;0;7;7;0;22;22
387;P;Por;Reina;Como;3;2;1;3;2;1;12;12
6682;P;Por;Pizzignacco;Monza;3;1;2;3;1;2;5;5
4;P;Por;Sportiello;Milan;1;1;0;1;1;0;1;1
188;P;Por;Leali;Genoa;1;1;0;1;1;0;1;1
216;P;Por;Donnarumma An.;Torino;1;1;0;1;1;0;1;1
218;P;Por;Perin;Juventus;1;2;-1;1;2;-1;3;3
219;P;Por;Sommariva;Genoa;1;1;0;1;1;0;1;1
511;P;Por;Perilli;Verona;1;1;0;1;1;0;1;1
543;P;Por;Padelli;Udinese;1;1;0;1;1;0;1;1
673;P;Por;Perisan;Empoli;1;1;0;1;1;0;1;1
1926;P;Por;Di Gennaro;Inter;1;1;0;1;1;0;1;1
1930;P;Por;Pinsoglio;Juventus;1;1;0;1;1;0;1;1
2178;P;Por;Cragno;Monza;1;1;0;1;1;0;1;1
2297;P;Por;Rossi F.;Atalanta;1;1;0;1;1;0;1;1
2401;P;Por;Fruchtl;Lecce;1;1;0;1;1;0;1;1
2722;P;Por;Ravaglia F.;Bologna;1;1;0;1;1;0;1;1
2809;P;Por;Vigorito;Como;1;1;0;1;1;0;1;1
2845;P;Por;Contini;Napoli;1;1;0;1;1;0;1;1
4270;P;Por;Rui Patricio;Atalanta;1;1;0;1;1;0;1;1
4351;P;Por;Brancolini;Empoli;1;1;0;1;1;0;1;1
4360;P;Por;Caprile;Napoli;1;2;-1;1;2;-1;3;3
4491;P;Por;Berardi A.;Verona;1;1;0;1;1;0;1;1
4929;P;Por;Ciocci;Cagliari;1;1;0;1;1;0;1;1
5116;P;Por;Martinez Jo.;Inter;1;2;-1;1;2;-1;3;3
5320;P;Por;Paleari;Torino;1;1;0;1;1;0;1;1
5384;P;Por;Ryan;Roma;1;1;0;1;1;0;1;1
5521;P;Por;Bertinato;Venezia;1;1;0;1;1;0;1;1
5822;P;Por;Bagnolini;Bologna;1;1;0;1;1;0;1;1
6184;P;Por;Martinelli T.;Fiorentina;1;1;0;1;1;0;1;1
6248;P;Por;Stankovic F.;Venezia;1;1;0;1;1;0;1;1
6403;P;Por;Christensen O.;Fiorentina;1;1;0;1;1;0;1;1
6417;P;Por;Furlanetto;Lazio;1;1;0;1;1;0;1;1
6482;P;Por;Mandas;Lazio;1;1;0;1;1;0;1;1
6505;P;Por;Nava;Milan;1;1;0;1;1;0;1;1
6523;P;Por;Samooja;Lecce;1;1;0;1;1;0;1;1
6650;P;Por;Sherri;Cagliari;1;1;0;1;1;0;1;1
6661;P;Por;Chichizola;Parma;1;1;0;1;1;0;1;1
6662;P;Por;Corvi;Parma;1;1;0;1;1;0;1;1
6671;P;Por;Grandi;Venezia;1;1;0;1;1;0;1;1
6813;P;Por;Torriani;Milan;1;1;0;1;1;0;1;1
6824;P;Por;Marin Re.;Roma;1;1;0;1;1;0;1;1
6842;P;Por;Sava;Udinese;1;1;0;1;1;0;1;1
254;D;E;Dimarco;Inter;24;24;0;23;23;0;100;95
4292;D;"Ds;E";Hernandez T.;Milan;20;20;0;20;20;0;84;84
2816;D;"B;Dd;E";Di Lorenzo;Napoli;18;18;0;20;20;0;78;88
2120;D;Dc;Bastoni;Inter;16;16;0;16;16;0;52;52
2724;D;Dc;Buongiorno;Napoli;16;16;0;16;16;0;57;57
2788;D;Dc;Bremer;Juventus;16;16;0;16;16;0;62;62
5513;D;E;Dumfries;Inter;16;16;0;15;15;0;38;35
2160;D;E;Gosens;Fiorentina;14;13;1;13;12;1;55;50
4177;D;"Dd;Dc";Pavard;Inter;14;14;0;15;15;0;40;45
1852;D;E;Spinazzola;Napoli;13;13;0;12;12;0;38;35
4237;D;"B;Dd;Ds";Danilo;Juventus;13;14;-1;15;16;-1;25;35
4751;D;Dc;Tomori;Milan;13;14;-1;13;14;-1;41;41
4887;D;E;Bellanova;Atalanta;13;13;0;12;12;0;45;40
5354;D;E;Ruggeri;Atalanta;12;11;1;11;10;1;43;40
2296;D;Dc;Mancini;Roma;11;10;1;11;10;1;28;28
4409;D;Dc;Rrahmani;Napoli;11;11;0;11;11;0;26;26
4816;D;"B;Dd;Ds";Emerson Royal;Milan;11;12;-1;11;12;-1;37;45
5022;D;Dc;Pavlovic;Milan;11;10;1;11;10;1;34;34
5520;D;"Dd;Ds;E";Cambiaso;Juventus;11;9;2;12;10;2;58;67
513;D;Dc;Acerbi;Inter;10;10;0;10;10;0;31;31
554;D;E;Zappacosta;Atalanta;10;9;1;9;8;1;28;25
2525;D;"B;Dd;E";Darmian;Inter;10;8;2;10;9;1;21;24
4772;D;"Ds;E";Angelino;Roma;10;10;0;10;10;0;27;27
4807;D;Dc;Hermoso;Roma;10;10;0;10;10;0;24;24
5323;D;Dc;Martinez Quarta;Fiorentina;10;11;-1;10;11;-1;32;32
5578;D;"Dd;Dc";Kossounou;Atalanta;10;10;0;10;10;0;26;26
6642;D;Dc;Coco;Torino;10;8;2;10;8;2;25;25
393;D;Dc;Luperto;Cagliari;9;8;1;9;8;1;14;14
460;D;Dc;Romagnoli;Lazio;9;10;-1;9;10;-1;26;26
4284;D;"E;M";Sergi Roberto;Como;9;9;0;9;9;0;18;18
4317;D;Dc;N'Dicka;Roma;9;8;1;9;8;1;20;20
5514;D;"Ds;Dc";Vasquez;Genoa;9;9;0;10;10;0;16;18
5835;D;"Dd;Dc";Baschirotto;Lecce;9;9;0;10;10;0;19;19
5847;D;Dc;Bijol;Udinese;9;8;1;9;8;1;20;20
5877;D;E;Carlos Augusto;Inter;9;9;0;8;8;0;20;16
5885;D;"Dd;E";Dodo';Fiorentina;9;9;0;9;9;0;23;23
252;D;"B;Ds;E";Biraghi;Fiorentina;8;7;1;9;8;1;30;42
2602;D;Dc;Varane;Como;8;9;-1;8;9;-1;15;15
2640;D;"B;Ds;E";Kolasinac;Atalanta;8;9;-1;9;10;-1;21;25
4210;D;Dc;Mina;Cagliari;8;8;0;8;8;0;16;16
4734;D;"Ds;E";Miranda J.;Bologna;8;8;0;8;8;0;23;23
5010;D;Dc;Ismajli;Empoli;8;6;2;8;6;2;9;9
5449;D;"Ds;E";Parisi;Fiorentina;8;8;0;8;8;0;15;15
5498;D;Dc;Casale;Bologna;8;8;0;8;8;0;15;15
5603;D;Dc;Pongracic;Fiorentina;8;9;-1;8;9;-1;20;20
5678;D;"Dd;E";Holm;Bologna;8;9;-1;8;9;-1;20;20
5831;D;Dc;Gatti;Juventus;8;7;1;8;7;1;20;20
5899;D;Dc;Gigot;Lazio;8;8;0;8;8;0;19;19
6046;D;Dc;Hien;Atalanta;8;8;0;8;8;0;21;21
6202;D;Dc;Beukema;Bologna;8;7;1;8;7;1;16;16
6230;D;Dc;Dossena;Como;8;8;0;8;8;0;14;14
6480;D;"Dd;E";Tchatchoua;Verona;8;6;2;8;6;2;23;23
49;D;"B;Ds;E";Masina;Torino;7;6;1;8;7;1;12;14
322;D;Dc;De Vrij;Inter;7;8;-1;7;8;-1;18;18
770;D;"Ds;E";Pezzella Giu.;Empoli;7;5;2;7;5;2;7;7
787;D;Dc;Djimsiti;Atalanta;7;8;-1;7;8;-1;18;18
791;D;"Dd;Ds;E";Sabelli;Genoa;7;6;1;8;7;1;8;10
2285;D;Dc;Bani;Genoa;7;7;0;7;7;0;14;14
4378;D;"Ds;Dc";Ranieri L.;Fiorentina;7;7;0;8;8;0;15;16
4530;D;"Ds;E";Kyriakopoulos;Monza;7;6;1;7;6;1;13;13
4665;D;Dc;Maripan;Torino;7;7;0;7;7;0;15;15
4904;D;Dc;Mari';Monza;7;7;0;7;7;0;15;15
4982;D;Dc;Erlic;Bologna;7;6;1;7;6;1;17;17
4994;D;"B;Dd;E";Vojvoda;Torino;7;6;1;7;7;0;12;14
5324;D;"B;Dd;Ds";Godfrey;Atalanta;7;7;0;9;9;0;12;15
5435;D;"Ds;E";Moreno Alb.;Como;7;7;0;7;7;0;17;17
5526;D;Dc;Scalvini;Atalanta;7;8;-1;7;8;-1;12;12
5620;D;"Ds;E";Tavares N.;Lazio;7;6;1;7;6;1;29;29
5840;D;"B;Ds;E";Olivera;Napoli;7;7;0;8;8;0;18;28
5862;D;"Ds;E";Valeri;Parma;7;6;1;7;6;1;11;11
6039;D;"B;Ds;E";Cabal;Juventus;7;5;2;8;6;2;15;18
6042;D;Dc;Lucumi';Bologna;7;7;0;7;7;0;14;14
6047;D;"Dd;E";Ehizibue;Udinese;7;5;2;7;5;2;8;8
6066;D;"Dd;Dc";Posch;Bologna;7;8;-1;8;9;-1;18;21
6257;D;"Ds;E";Dorgu;Lecce;7;8;-1;7;8;-1;20;20
6638;D;Dc;Marin R.;Napoli;7;8;-1;7;8;-1;12;12
6820;D;E;Sosa B.;Torino;7;8;-1;6;7;-1;17;15
226;D;Dc;Izzo;Monza;6;6;0;6;6;0;11;11
357;D;"Dd;E";Calabria;Milan;6;7;-1;6;7;-1;13;13
729;D;"Dd;E";Pereira P.;Monza;6;5;1;6;5;1;8;8
2181;D;Dc;Palomino;Cagliari;6;5;1;6;5;1;8;8
2188;D;"Dd;Ds;E";Marusic;Lazio;6;6;0;7;7;0;10;12
2263;D;"Dd;E";Lazzari;Lazio;6;5;1;6;5;1;23;23
4433;D;"Dd;Ds;E";Zortea;Cagliari;6;7;-1;7;8;-1;16;19
4458;D;"Dd;E";Candela;Venezia;6;5;1;6;5;1;8;8
4461;D;"B;Dd;E";Zappa;Cagliari;6;6;0;7;7;0;10;12
5527;D;"Dd;E";Zanoli;Genoa;6;6;0;6;6;0;9;9
5626;D;"B;Dd;Ds";Guilbert;Lecce;6;5;1;7;6;1;8;11
5718;D;Dc;Viti;Empoli;6;5;1;6;5;1;8;8
6041;D;Dc;Schuurs;Torino;6;7;-1;6;7;-1;10;10
6426;D;E;Pedersen;Torino;6;6;0;5;5;0;12;10
6533;D;Dc;Giannetti L.;Udinese;6;4;2;6;4;2;14;14
6639;D;"Ds;E";Frese;Verona;6;5;1;6;5;1;11;11
6663;D;Dc;Circati;Parma;6;5;1;6;5;1;8;8
6896;D;"Dd;E";Van Der Brempt;Como;6;5;1;6;5;1;8;8
1952;D;"Dd;Ds;E";Zampano;Venezia;5;5;0;6;6;0;8;10
2593;D;"Ds;E";Martin;Genoa;5;4;1;5;4;1;13;13
4385;D;E;Lazaro;Torino;5;4;1;5;4;1;8;7
4421;D;"Ds;E";Augello;Cagliari;5;5;0;5;5;0;8;8
4493;D;Dc;Dawidowicz;Verona;5;5;0;5;5;0;7;7
4502;D;"Ds;E";Gallo;Lecce;5;5;0;5;5;0;11;11
4925;D;"Ds;Dc";Carboni A.;Monza;5;5;0;6;6;0;8;9
4958;D;"Ds;Dc";Caldirola;Monza;5;5;0;5;5;0;8;8
5532;D;"Ds;E";Bradaric;Verona;5;5;0;5;5;0;8;8
5554;D;"Dd;Dc";Daniliuc;Verona;5;5;0;5;5;0;8;8
5555;D;"Ds;E";Kamara H.;Udinese;5;5;0;5;5;0;13;13
5739;D;"Dd;Dc";De Winter;Genoa;5;6;-1;5;6;-1;8;10
5764;D;Dc;Coppola D.;Verona;5;4;1;5;4;1;8;8
5838;D;"Dd;Ds;E";Birindelli;Monza;5;5;0;5;5;0;8;9
6235;D;"Dd;Ds;E";Kayode;Fiorentina;5;5;0;6;6;0;8;10
6245;D;"Dd;Dc";Vogliacco;Genoa;5;2;3;5;2;3;4;4
6664;D;"B;Dd;E";Delprato;Parma;5;6;-1;6;7;-1;14;16
6672;D;Dc;Idzes;Venezia;5;4;1;5;4;1;9;9
6673;D;"B;Ds;E";Sverko;Venezia;5;4;1;6;5;1;9;12
6885;D;"Dd;E";Abdulhamid;Roma;5;5;0;5;5;0;12;12
256;D;"Ds;Dc";Juan Jesus;Napoli;4;5;-1;4;5;-1;6;6
327;D;"Dd;Dc";Patric;Lazio;4;5;-1;4;5;-1;10;12
695;D;Dc;Toloi;Atalanta;4;4;0;4;4;0;9;9
697;D;E;Cuadrado;Atalanta;4;4;0;4;4;0;9;8
2653;D;"Ds;E";Lykogiannis;Bologna;4;4;0;4;4;0;12;12
4263;D;Dc;Kabasele;Udinese;4;3;1;4;3;1;4;4
4374;D;Dc;Walukiewicz;Torino;4;4;0;4;4;0;6;6
4657;D;"Dd;E";Celik;Roma;4;3;1;4;3;1;12;12
5327;D;Dc;Osorio;Parma;4;4;0;4;4;0;6;6
5481;D;E;Mazzocchi;Napoli;4;4;0;4;4;0;12;12
5484;D;Dc;Svoboda;Venezia;4;4;0;4;4;0;8;8
5833;D;Dc;Gila;Lazio;4;5;-1;4;5;-1;11;11
6217;D;Dc;Bisseck;Inter;4;5;-1;4;5;-1;11;11
6231;D;"Dd;Ds;E";Azzi;Cagliari;4;4;0;5;5;0;7;8
6485;D;Dc;Kristensen T.;Udinese;4;5;-1;4;5;-1;8;8
6632;D;Dc;Gaspar K.;Lecce;4;3;1;4;3;1;12;12
6665;D;"Dd;Ds;E";Coulibaly W.;Parma;4;2;2;4;2;2;16;16
6802;D;"B;Dd;E";Savona;Juventus;4;1;3;4;1;3;14;14
6890;D;Dc;Moreno M.;Fiorentina;4;4;0;4;4;0;8;8
6893;D;Dc;Kempf;Como;4;3;1;4;3;1;8;8
140;D;"Dd;Ds;E";Hysaj;Lazio;3;4;-1;4;5;-1;6;8
253;D;"B;Dd;Ds";D'Ambrosio;Monza;3;3;0;4;4;0;5;6
2769;D;Dc;Magnani;Verona;3;3;0;3;3;0;5;5
4401;D;Dc;Gabbia;Milan;3;4;-1;3;4;-1;9;9
4976;D;"Dd;Dc";Kalulu;Juventus;3;4;-1;4;5;-1;12;15
5353;D;Dc;Balogh;Parma;3;1;2;3;1;2;1;1
5447;D;Dc;Altare;Venezia;3;3;0;3;3;0;8;8
5480;D;"Dd;E";Ebuehi;Empoli;3;4;-1;3;4;-1;6;6
5804;D;"Ds;E";Cacace;Empoli;3;3;0;3;3;0;5;5
5900;D;Dc;Toure' I.s.;Udinese;3;3;0;3;3;0;5;5
6055;D;Dc;Thiaw;Milan;3;4;-1;3;4;-1;10;10
6211;D;"Ds;E";Zemura;Udinese;3;3;0;3;3;0;4;4
6464;D;Dc;Wieteska;Cagliari;3;3;0;3;3;0;4;4
6654;D;"Dd;E";Iovine;Como;3;3;0;3;3;0;10;10
6814;D;"Dd;E";Norton-Cuffy;Genoa;3;4;-1;3;4;-1;5;5
6874;D;Dc;Palacios T.;Inter;3;3;0;3;3;0;6;6
6883;D;Dc;Jean;Lecce;3;2;1;3;2;1;3;3
6892;D;"Dd;Dc";Schingtienne;Venezia;3;3;0;3;3;0;6;7
134;D;"Ds;Dc";Barba;Como;2;1;1;2;1;1;7;7
142;D;E;Mario Rui;Napoli;2;3;-1;2;3;-1;6;6
418;D;Dc;Goldaniga;Como;2;3;-1;2;3;-1;4;4
487;D;"Dd;E";De Silvestri;Bologna;2;3;-1;2;3;-1;5;5
581;D;"Dd;E";Faraoni;Verona;2;3;-1;2;3;-1;6;6
2192;D;Dc;Bonifazi;Lecce;2;2;0;2;2;0;4;4
2728;D;"Ds;E";Pellegrini Lu.;Lazio;2;3;-1;2;3;-1;6;6
4386;D;"Ds;E";Sala M.;Como;2;2;0;2;2;0;6;6
5307;D;Dc;Valenti;Parma;2;3;-1;2;3;-1;5;5
5856;D;"Dd;E";Sambia;Empoli;2;2;0;2;2;0;3;3
6149;D;"Ds;E";Carboni F.;Venezia;2;2;0;2;2;0;4;4
6495;D;Dc;Comuzzo;Fiorentina;2;1;1;2;1;1;10;10
6537;D;"Dd;Dc";Goglichidze;Empoli;2;1;1;2;1;1;1;1
6647;D;"Ds;E";Dahl;Roma;2;3;-1;2;3;-1;8;8
6681;D;"Dd;E";Sagrado;Venezia;2;1;1;2;1;1;5;5
6806;D;"Dd;Ds;Dc";Pelmard;Lecce;2;3;-1;4;5;-1;7;9
6826;D;E;Dembele' A.;Torino;2;1;1;2;1;1;3;3
6887;D;Dc;Leoni;Parma;2;2;0;2;2;0;3;3
358;D;"Dd;Ds;E";De Sciglio;Empoli;1;1;0;1;1;0;10;12
2203;D;"Ds;E";Di Chiara;Parma;1;1;0;1;1;0;1;1
5695;D;"Ds;E";Haps;Venezia;1;1;0;1;1;0;1;1
5701;D;Dc;Obert;Cagliari;1;2;-1;1;2;-1;3;3
5812;D;"Dd;E";Terracciano F.;Milan;1;1;0;1;1;0;1;1
5994;D;"Ds;Dc";Ebosse;Udinese;1;1;0;1;1;0;1;1
6021;D;"Dd;Dc";Abankwah;Udinese;1;1;0;1;1;0;1;1
6244;D;Dc;Matturro;Genoa;1;1;0;1;1;0;1;1
6284;D;Dc;Okou;Verona;1;2;-1;1;2;-1;3;3
6407;D;"Dd;Ds;E";Corazza;Bologna;1;1;0;1;1;0;1;1
6474;D;Dc;Sazonov;Empoli;1;1;0;1;1;0;6;6
6551;D;Dc;Ilic M.;Bologna;1;1;0;1;1;0;1;1
6631;D;Dc;Ghilardi;Verona;1;1;0;1;1;0;1;1
6637;D;"Dd;E";Kovacik;Como;1;1;0;1;1;0;1;1
6649;D;"Dd;E";Sangare' B.;Roma;1;1;0;1;1;0;1;1
6660;D;Dc;Marcandalli;Genoa;1;1;0;1;1;0;1;1
6803;D;"Ds;E";Rouhi;Juventus;1;1;0;1;1;0;1;1
6809;D;Dc;Marianucci;Empoli;1;1;0;1;1;0;1;1
6832;D;E;Palestra;Atalanta;1;1;0;1;1;0;1;1
2423;C;"T;A";Pulisic;Milan;30;30;0;29;29;0;183;183
2194;C;"M;C";Calhanoglu;Inter;28;28;0;30;30;0;172;187
5685;C;T;Koopmeiners;Juventus;27;29;-2;26;28;-2;166;166
632;C;"W;A";Zaccagni;Lazio;26;27;-1;26;26;0;148;148
536;C;W;Politano;Napoli;22;24;-2;22;23;-1;64;64
1870;C;C;Barella;Inter;22;20;2;21;19;2;79;79
5878;C;T;Colpani;Fiorentina;22;23;-1;20;22;-2;83;83
530;C;"C;T";Pellegrini Lo.;Roma;21;22;-1;21;22;-1;73;73
2167;C;W;Orsolini;Bologna;21;21;0;21;21;0;90;88
5393;C;"W;A";Man;Parma;21;19;2;20;18;2;102;102
6831;C;"W;A";Neres;Napoli;21;20;1;20;19;1;82;82
4911;C;C;Douglas Luiz;Juventus;20;20;0;19;19;0;59;59
2848;C;"C;T";Frattesi;Inter;18;18;0;17;17;0;62;59
4199;C;"C;T";Loftus-Cheek;Milan;18;19;-1;18;19;-1;51;51
5858;C;"C;T";Ferguson;Bologna;17;18;-1;17;18;-1;42;42
4777;C;"M;C";McTominay;Napoli;16;16;0;19;19;0;57;70
5119;C;T;Samardzic;Atalanta;16;17;-1;15;16;-1;60;57
2529;C;C;Mkhitaryan;Inter;15;15;0;14;14;0;43;43
5792;C;"M;C";Ederson D.s.;Atalanta;15;15;0;17;18;-1;55;67
2077;C;"C;T";Pasalic;Atalanta;14;15;-1;14;15;-1;52;52
5687;C;T;Vlasic;Torino;14;15;-1;13;14;-1;41;39
6206;C;"C;T";Fabbian;Bologna;14;13;1;14;13;1;53;53
6666;C;"C;T";Bernabe';Parma;14;14;0;14;14;0;44;44
5688;C;"W;T";Harroui;Verona;13;13;0;13;13;0;34;36
6486;C;"W;T";Suslov;Verona;13;13;0;13;13;0;37;37
2766;C;"T;A";Zaniolo;Atalanta;12;13;-1;11;12;-1;28;28
4486;C;W;Strefezza;Como;12;12;0;12;11;1;32;30
5559;C;"W;T";Da Cunha;Como;12;12;0;12;12;0;32;30
6224;C;C;Reijnders;Milan;12;12;0;11;11;0;30;28
236;C;W;Lazovic;Verona;11;10;1;10;9;1;23;19
2741;C;"M;C";Pessina;Monza;11;12;-1;12;13;-1;36;42
4220;C;"M;C";Zambo Anguissa;Napoli;11;10;1;12;11;1;23;25
4427;C;"C;T";Malinovskyi;Genoa;11;11;0;11;11;0;25;25
5791;C;"E;M";Frendrup;Genoa;11;11;0;13;13;0;27;40
6884;C;"W;A";Conceicao;Juventus;11;11;0;10;10;0;24;22
152;C;"C;T";Zielinski;Inter;10;11;-1;10;11;-1;25;25
779;C;"M;C";Cristante;Roma;10;9;1;11;10;1;20;22
788;C;"M;C";Freuler;Bologna;10;9;1;11;10;1;19;22
4465;C;"C;T";Fagioli;Juventus;10;10;0;9;9;0;18;18
4856;C;"W;A";Chukwueze;Milan;10;11;-1;9;10;-1;35;35
4896;C;"T;A";Maldini;Monza;10;9;1;9;8;1;29;29
4970;C;"C;W";Messias;Genoa;10;9;1;10;9;1;27;25
5562;C;"M;C";Thuram K.;Juventus;10;10;0;12;12;0;25;30
5564;C;W;Ndoye;Bologna;10;10;0;9;9;0;24;22
5784;C;"C;T";Aebischer;Bologna;10;10;0;10;10;0;20;20
5850;C;C;Lovric;Udinese;10;10;0;10;10;0;23;23
6299;C;"C;T";Le Fee;Roma;10;10;0;10;10;0;21;21
827;C;"M;C";Locatelli;Juventus;9;8;1;10;9;1;21;25
4186;C;C;Guendouzi;Lazio;9;10;-1;9;9;0;18;16
4287;C;"M;C";Lobotka;Napoli;9;9;0;10;10;0;16;20
4376;C;"C;T";Zurkowski;Empoli;9;10;-1;9;10;-1;23;23
4377;C;"C;T";Castrovilli;Lazio;9;10;-1;9;10;-1;17;17
4992;C;W;Gyasi;Empoli;9;5;4;9;5;4;24;24
5007;C;C;Ilic;Torino;9;7;2;9;7;2;27;27
5453;C;"M;C";Ricci S.;Torino;9;8;1;10;9;1;20;22
5823;C;"T;A";Baldanzi;Roma;9;8;1;9;8;1;20;20
6218;C;"W;T;A";Oristanio;Venezia;9;9;0;9;10;-1;23;26
6634;C;W;Tete Morente;Lecce;9;9;0;8;8;0;18;16
376;C;"W;T";Verdi;Como;8;9;-1;8;9;-1;18;20
526;C;C;Duncan;Venezia;8;8;0;8;8;0;16;15
2839;C;W;Sottil;Fiorentina;8;9;-1;8;9;-1;20;20
4364;C;T;Gaetano;Cagliari;8;9;-1;7;8;-1;40;35
5589;C;"M;C";Kone' M.;Roma;8;8;0;9;9;0;17;19
5919;C;W;Tchaouna;Lazio;8;9;-1;8;9;-1;21;20
6804;C;"M;C";Richardson;Fiorentina;8;8;0;8;8;0;16;17
22;C;"M;C";De Roon;Atalanta;7;8;-1;8;9;-1;16;18
170;C;"M;C";Badelj;Genoa;7;6;1;7;6;1;9;10
181;C;"M;C";Vecino;Lazio;7;7;0;8;8;0;15;18
795;C;W;El Shaarawy;Roma;7;8;-1;6;7;-1;19;17
1933;C;"M;C";Mandragora;Fiorentina;7;8;-1;8;9;-1;16;18
1976;C;"M;C";Mazzitelli;Como;7;8;-1;8;9;-1;18;20
2818;C;"M;C";Bennacer;Milan;7;7;0;8;8;0;15;17
4342;C;"M;C";Duda;Verona;7;7;0;8;8;0;16;20
4459;C;"M;C";Rovella;Lazio;7;7;0;7;7;0;11;12
4686;C;"M;C";Fofana Y.;Milan;7;8;-1;8;9;-1;19;22
4947;C;"M;C";Brescianini;Atalanta;7;4;3;7;5;2;38;48
4973;C;"M;C";McKennie;Juventus;7;7;0;8;8;0;12;14
5131;C;"M;C";Gilmour;Napoli;7;7;0;8;8;0;11;13
5319;C;C;Sohm;Parma;7;5;2;6;4;2;13;13
6061;C;"W;T";Oudin;Lecce;7;7;0;7;7;0;16;18
6481;C;C;Payero;Udinese;7;8;-1;7;7;0;13;10
6645;C;T;Marchwinski;Lecce;7;8;-1;6;7;-1;14;14
6684;C;"C;T";Ekkelenkamp;Udinese;7;6;1;7;6;1;12;12
6875;C;"T;A";Paz N.;Como;7;7;0;6;6;0;22;22
468;C;"M;C";Paredes;Roma;6;7;-1;7;8;-1;16;18
1978;C;"C;T";Sensi;Monza;6;7;-1;6;7;-1;16;16
4658;C;W;Ikone';Fiorentina;6;5;1;6;5;1;13;13
4662;C;W;Weah;Juventus;6;5;1;5;4;1;21;20
4890;C;"M;C";Tameze;Torino;6;5;1;6;6;0;9;11
4965;C;"M;C";Marin;Cagliari;6;6;0;6;6;0;20;25
5507;C;C;Busio;Venezia;6;7;-1;6;7;-1;15;14
5875;C;"M;C";Adli;Fiorentina;6;5;1;6;6;0;13;17
6010;C;"C;T";Fazzini;Empoli;6;4;2;6;4;2;23;23
6112;C;W;Iling Junior;Bologna;6;6;0;6;6;0;12;12
6252;C;"C;T";Folorunsho;Napoli;6;7;-1;6;7;-1;15;15
6394;C;"M;C";Ramadani;Lecce;6;5;1;7;6;1;10;12
6459;C;"W;A";Karlsson;Bologna;6;7;-1;5;6;-1;15;15
6629;C;"C;T";Dele-Bashiru;Lazio;6;5;1;6;5;1;21;21
6680;C;"M;C";Karlstrom;Udinese;6;5;1;6;5;1;8;8
6898;C;"M;C";Keita M.;Parma;6;6;0;7;7;0;12;14
440;C;"C;T";Viola;Cagliari;5;6;-1;5;6;-1;14;14
801;C;"M;C";Gagliardini;Monza;5;5;0;6;6;0;9;11
2117;C;"C;T";Kastanos;Verona;5;4;1;5;4;1;7;7
2172;C;T;Barak;Fiorentina;5;6;-1;5;6;-1;14;12
2274;C;"C;T";Valoti;Monza;5;6;-1;5;6;-1;13;13
4404;C;C;Thorsby;Genoa;5;5;0;4;4;0;10;8
4423;C;C;Hernani;Parma;5;6;-1;4;5;-1;11;9
4498;C;"C;T";Henderson L.;Empoli;5;4;1;5;4;1;8;8
5295;C;"C;W";Musah;Milan;5;4;1;5;4;1;10;10
5423;C;"M;C";Bove;Fiorentina;5;5;0;6;6;0;12;14
5504;C;"M;C";Coulibaly L.;Lecce;5;5;0;5;5;0;9;10
5719;C;"M;C";Asllani;Inter;5;5;0;6;6;0;14;17
5992;C;"M;C";Bondo;Monza;5;3;2;5;3;2;5;5
6151;C;"M;C";Perrone;Como;5;4;1;5;4;1;7;7
6592;C;"W;T";Forson O.;Monza;5;6;-1;5;6;-1;13;13
6640;C;"E;W";Felici;Cagliari;5;5;0;6;6;0;12;15
6815;C;"W;A";Fadera;Como;5;6;-1;4;5;-1;13;12
1871;C;"M;C";Deiola;Cagliari;4;4;0;5;5;0;6;7
2008;C;"M;C";Linetty;Torino;4;3;1;4;3;1;7;7
4892;C;W;Saelemaekers;Roma;4;5;-1;4;5;-1;25;23
5290;C;"M;C";Estevez;Parma;4;4;0;5;5;0;10;12
5422;C;W;Zalewski;Roma;4;2;2;4;2;2;8;7
5425;C;"C;W;T";Urbanski;Bologna;4;5;-1;5;6;-1;10;11
5457;C;C;Maleh;Empoli;4;3;1;4;3;1;8;8
5880;C;"E;W";Ciurria;Monza;4;5;-1;5;6;-1;8;10
6020;C;"C;W";Ellertsson;Venezia;4;2;2;4;2;2;11;11
6222;C;"C;T";Rafia;Lecce;4;4;0;4;4;0;8;8
6424;C;"M;C";Prati;Cagliari;4;4;0;5;5;0;12;14
6458;C;"M;C";Serdar;Verona;4;5;-1;5;6;-1;10;12
6633;C;"M;C";Pierret;Lecce;4;4;0;5;5;0;8;9
6674;C;"M;C";Andersen M.k.;Venezia;4;2;2;4;2;2;13;13
27;C;"M;C";Grassi;Empoli;3;3;0;4;4;0;4;5
333;C;"M;C";Cataldi;Fiorentina;3;3;0;3;3;0;7;7
556;C;"M;C";Baselli;Como;3;3;0;3;3;0;7;9
2161;C;"M;C";Haas;Empoli;3;2;1;3;2;1;3;3
4349;C;"M;C";Nicolussi Caviglia;Venezia;3;1;2;3;1;2;4;5
4711;C;"E;W";Kostic;Juventus;3;4;-1;4;5;-1;5;5
4870;C;"M;C";Adopo;Cagliari;3;2;1;3;2;1;3;3
5485;C;"C;W";Bjarkason;Venezia;3;4;-1;3;4;-1;6;6
5813;C;"C;T";Miretti;Genoa;3;4;-1;3;4;-1;18;18
5879;C;"T;A";Vignato S.;Monza;3;2;1;3;2;1;5;4
6048;C;W;Alidou;Verona;3;3;0;3;3;0;6;5
6054;C;"M;C";Moro N.;Bologna;3;2;1;3;2;1;8;9
6170;C;C;Gineitis;Torino;3;4;-1;3;4;-1;12;10
6212;C;"M;C";Zarraga;Udinese;3;3;0;4;4;0;6;8
6225;C;"M;C";El Azzouzi;Bologna;3;4;-1;4;5;-1;7;8
6232;C;"M;C";Makoumbou;Cagliari;3;4;-1;4;5;-1;7;8
6656;C;"M;C";Braunoder;Como;3;3;0;4;4;0;8;10
6676;C;"M;C";Engelhardt;Como;3;4;-1;3;4;-1;8;10
6900;C;"E;W";Rui Modesto;Udinese;3;3;0;4;4;0;7;9
6904;C;"W;T";Yeboah J.;Venezia;3;3;0;3;3;0;8;8
1987;C;"E;C";Jankto;Cagliari;2;3;-1;3;4;-1;6;7
2357;C;"M;C";Cyprien;Parma;2;2;0;2;2;0;2;2
5516;C;"M;C";Bianco;Monza;2;2;0;2;2;0;2;2
6190;C;C;Pisilli;Roma;2;1;1;2;1;1;1;1
6191;C;"M;C";Belahyane;Verona;2;1;1;2;1;1;4;6
6562;C;"M;C";Dani Silva;Verona;2;3;-1;2;3;-1;5;5
6579;C;W;Mitrovic S.;Verona;2;3;-1;2;3;-1;6;5
6683;C;"M;C";Doumbia I.;Venezia;2;1;1;2;1;1;2;2
6889;C;"W;T";Anjorin;Empoli;2;2;0;2;2;0;4;4
5286;C;"M;C";Akpa Akpro;Lazio;1;1;0;1;1;0;2;2
5298;C;"M;C";Pobega;Bologna;1;2;-1;2;3;-1;12;14
5421;C;"C;T";Camara D.;Parma;1;1;0;1;1;0;1;1
5486;C;C;Crnigoj;Venezia;1;1;0;1;1;0;1;1
5725;C;"M;C";Kone B.;Como;1;1;0;1;1;0;1;1
5798;C;"M;C";Bohinen;Genoa;1;1;0;1;1;0;1;1
5998;C;"E;W";Zerbin;Napoli;1;2;-1;1;2;-1;4;4
6015;C;"C;T";BERISHA M.;Lecce;1;1;0;1;1;0;1;1
6024;C;"M;C";Sulemana I.;Atalanta;1;2;-1;2;3;-1;4;5
6203;C;"M;C";Belardinelli;Empoli;1;1;0;1;1;0;1;1
6410;C;"M;C";Kaba;Lecce;1;1;0;1;1;0;1;1
6524;C;"C;T";Zeroli;Milan;1;1;0;1;1;0;1;1
6532;C;"E;W";Buchanan T.;Inter;1;1;0;1;1;0;1;1
6677;C;T;Adzic;Juventus;1;1;0;1;1;0;1;1
6678;C;"W;T";Liberali;Milan;1;1;0;1;1;0;1;1
6834;C;C;Cassa;Atalanta;1;1;0;1;1;0;1;1
6839;C;"C;T";Byar;Bologna;1;1;0;1;1;0;1;1
6872;C;"C;T";Manzoni;Atalanta;1;1;0;1;1;0;1;1
6891;C;"M;C";Vos;Milan;1;1;0;1;1;0;1;1
6903;C;"C;T";Hasa;Lecce;1;1;0;1;1;0;1;1
6908;C;"M;C";Atta;Udinese;1;1;0;1;1;0;1;1
2764;A;Pc;Martinez L.;Inter;38;41;-3;39;42;-3;402;402
2841;A;Pc;Vlahovic;Juventus;37;37;0;38;38;0;380;380
2531;A;Pc;Lukaku;Napoli;34;33;1;34;33;1;355;355
4871;A;Pc;Thuram;Inter;34;31;3;33;30;3;300;300
4661;A;Pc;Osimhen;Napoli;33;35;-2;34;36;-2;155;155
309;A;A;Dybala;Roma;32;34;-2;33;35;-2;267;267
6675;A;Pc;Dovbyk;Roma;30;32;-2;29;31;-2;226;226
5839;A;A;Kvaratskhelia;Napoli;29;29;0;30;30;0;262;262
2137;A;Pc;Scamacca;Atalanta;26;28;-2;25;27;-2;145;140
4730;A;A;Lookman;Atalanta;26;28;-2;27;29;-2;208;222
313;A;Pc;Morata;Milan;25;26;-1;25;26;-1;181;179
608;A;Pc;Zapata D.;Torino;25;25;0;25;25;0;172;170
4510;A;A;Leao;Milan;25;25;0;26;26;0;217;217
5800;A;A;Gudmundsson A.;Fiorentina;25;27;-2;26;28;-2;158;161
4179;A;A;Gonzalez N.;Juventus;23;25;-2;24;26;-2;100;103
6226;A;Pc;Castellanos;Lazio;23;21;2;23;21;2;130;127
6228;A;Pc;Retegui;Atalanta;22;20;2;21;19;2;200;200
2097;A;Pc;Kean;Fiorentina;21;21;0;21;21;0;121;119
5995;A;A;De Ketelaere;Atalanta;20;21;-1;20;21;-1;137;140
6643;A;Pc;Dallinga;Bologna;20;22;-2;20;21;-1;88;86
5734;A;"W;A";Soule';Roma;19;20;-1;21;22;-1;90;105
2038;A;Pc;Pinamonti;Genoa;18;18;0;17;17;0;102;100
6435;A;Pc;Krstovic;Lecce;17;17;0;16;16;0;81;79
441;A;Pc;Belotti;Como;16;17;-1;15;16;-1;75;72
5672;A;Pc;Dia;Lazio;16;15;1;15;14;1;72;70
6434;A;A;Yildiz;Juventus;16;15;1;17;16;1;93;95
2475;A;A;Sanchez;Udinese;15;16;-1;15;16;-1;65;65
5079;A;Pc;Pohjanpalo;Venezia;15;16;-1;14;15;-1;76;74
6556;A;A;Noslin;Lazio;15;16;-1;15;16;-1;67;70
6628;A;Pc;Taremi;Inter;15;15;0;14;14;0;66;64
6646;A;A;Adams C.;Torino;15;14;1;16;15;1;74;72
4359;A;Pc;Piccoli;Cagliari;14;13;1;13;12;1;60;58
6215;A;Pc;Lucca;Udinese;14;14;0;13;13;0;75;73
2544;A;Pc;Abraham;Milan;13;13;0;13;13;0;30;27
4923;A;Pc;Colombo;Empoli;13;12;1;12;11;1;60;58
6801;A;Pc;Tengstedt;Verona;13;12;1;12;11;1;36;34
5297;A;A;Luvumbo;Cagliari;12;12;0;12;12;0;38;40
5471;A;Pc;Djuric;Monza;12;12;0;12;12;0;43;40
6164;A;Pc;Vitinha O.;Genoa;12;12;0;11;11;0;77;75
6227;A;A;Okafor;Milan;12;11;1;12;11;1;21;21
6398;A;"W;A";Isaksen;Lazio;12;11;1;13;12;1;27;30
2012;A;Pc;Milik;Juventus;11;12;-1;9;10;-1;22;18
2061;A;Pc;Simeone;Napoli;11;11;0;10;10;0;15;13
2369;A;A;Thauvin;Udinese;11;10;1;11;10;1;40;40
4436;A;A;Cambiaghi;Bologna;11;12;-1;11;12;-1;20;20
479;A;Pc;Sanabria;Torino;10;10;0;9;9;0;21;19
2765;A;A;Odgaard;Bologna;10;10;0;10;11;-1;13;15
4371;A;A;Raspadori;Napoli;10;11;-1;11;12;-1;21;21
6207;A;"W;A";Almqvist;Parma;10;9;1;10;10;0;18;20
6409;A;A;Beltran L.;Fiorentina;10;11;-1;10;11;-1;34;34
6630;A;Pc;Mosquera;Verona;10;8;2;9;7;2;25;20
6669;A;Pc;Bonny;Parma;10;8;2;10;7;3;51;49
1958;A;A;Caprari;Monza;9;9;0;9;9;0;17;17
2155;A;Pc;Cutrone;Como;9;9;0;8;8;0;25;23
2438;A;Pc;Jovic;Milan;9;10;-1;8;9;-1;16;15
5506;A;A;Ekuban;Genoa;9;9;0;9;9;0;10;10
5882;A;A;Mota;Monza;9;10;-1;9;10;-1;22;22
6001;A;"W;A";Banda;Lecce;9;9;0;10;10;0;13;16
6145;A;"W;A";Ngonge;Napoli;9;9;0;10;10;0;12;16
6213;A;A;Brenner;Udinese;9;7;2;9;7;2;32;32
6667;A;A;Benedyczak;Parma;9;10;-1;9;10;-1;20;22
1939;A;Pc;Lapadula;Cagliari;8;9;-1;8;8;0;11;9
4268;A;Pc;Arnautovic;Inter;8;8;0;7;7;0;18;16
5322;A;"W;A";Mihaila;Parma;8;8;0;9;9;0;20;22
6572;A;Pc;Castro S.;Bologna;8;8;0;7;7;0;56;54
5500;A;"W;A";Cancellieri;Parma;6;4;2;6;4;2;13;13
5637;A;Pc;Davis K.;Udinese;6;6;0;5;5;0;8;6
4463;A;A;Esposito Se.;Empoli;5;3;2;5;3;2;15;15
5311;A;Pc;Shomurodov;Roma;5;3;2;5;3;2;20;20
5881;A;Pc;Gytkjaer;Venezia;5;5;0;4;4;0;10;10
6644;A;Pc;Rocha Livramento;Verona;5;4;1;5;3;2;16;16
6833;A;A;Mbangula;Juventus;5;1;4;5;1;4;17;17
6895;A;A;Dominguez B.;Bologna;5;5;0;5;5;0;11;11
186;A;A;Rebic;Lecce;4;4;0;4;4;0;7;7
383;A;Pc;Petagna;Monza;4;5;-1;3;3;0;13;10
2762;A;A;Kouame';Fiorentina;4;4;0;4;4;0;13;13
6159;A;A;Sarr A.;Verona;4;4;0;4;4;0;7;7
6549;A;"W;A";Pierotti;Lecce;4;4;0;4;4;0;4;4
6653;A;A;Bravo;Udinese;4;4;0;4;4;0;8;8
247;A;Pc;Pavoletti;Cagliari;3;3;0;3;3;0;5;5
2103;A;Pc;Pellegri;Empoli;3;3;0;3;3;0;11;11
6119;A;A;Solbakken;Empoli;3;3;0;3;3;0;15;15
306;A;Pc;Cerri;Como;2;1;1;2;1;1;1;1
495;A;A;Correa;Inter;2;3;-1;2;3;-1;7;7
2489;A;A;Pedro;Lazio;2;3;-1;2;3;-1;5;5
5436;A;Pc;Raimondo;Venezia;2;1;1;2;1;1;2;2
6635;A;Pc;Pizarro;Udinese;2;3;-1;2;3;-1;7;7
6657;A;Pc;Gabrielloni;Como;2;2;0;1;1;0;2;1
6670;A;Pc;Charpentier;Parma;2;1;1;2;1;1;1;1
2325;A;A;Karamoh;Torino;1;1;0;1;1;0;1;1
6011;A;A;Ekong;Empoli;1;1;0;1;1;0;1;1
6418;A;Pc;Burnete;Lecce;1;1;0;1;1;0;1;1
6490;A;Pc;Cruz;Verona;1;1;0;1;1;0;1;1
6519;A;Pc;Camarda;Milan;1;1;0;1;1;0;1;1
6565;A;Pc;Ankeye;Genoa;1;1;0;1;1;0;1;1
6598;A;Pc;Mutandwa;Cagliari;1;1;0;1;1;0;2;2
6648;A;"W;A";Jasim;Como;1;1;0;1;1;0;1;1
6822;A;Pc;Ekhator;Genoa;1;1;0;1;1;0;1;1
6910;A;A;Kowalski;Parma;1;1;0;1;1;0;7;7
