Id;R;Rm;Nome;Squadra;Pv;Mv;Fm;Gf;Gs;Rp;Rc;R+;R-;Ass;Amm;Esp;Au
2428;P;Por;Sommer;Inter;34;6,12;5,63;0;19;1;0;0;0;0;1;0;0
453;P;Por;Szczesny;Juventus;35;6,21;5,43;0;30;1;0;0;0;0;1;0;0
5841;P;Por;Svilar;Roma;15;6,47;5,37;0;19;1;0;0;0;0;1;0;0
5876;P;Por;Di Gregorio;Monza;33;6,35;5,47;0;35;2;0;0;0;0;0;0;0
133;P;Por;Skorupski;Bologna;32;6,17;5,33;0;29;1;0;0;0;0;2;0;0
2815;P;Por;Terracciano;Fiorentina;33;6,27;5,26;0;35;1;0;0;0;0;3;0;0
4431;P;Por;Carnesecchi;Atalanta;27;6,19;5,3;0;30;2;0;0;0;0;0;0;0
2170;P;Por;Milinkovic-Savic V.;Torino;36;6,12;5,24;0;31;0;0;0;0;0;2;0;0
4360;P;Por;Caprile;Empoli;23;6,26;5,22;0;27;1;0;0;0;0;0;0;0
572;P;Por;Meret;Napoli;31;6,06;4,97;0;40;2;0;0;0;0;0;0;0
4957;P;Por;Montipo';Verona;37;6,31;4,99;0;49;0;0;0;0;0;0;0;0
2134;P;Por;Falcone;Lecce;38;6,25;4,91;0;54;1;0;0;0;0;0;0;0
2814;P;Por;Provedel;Lazio;30;6,23;5,13;0;33;0;0;0;0;0;0;0;0
5116;P;Por;Martinez Jo.;Genoa;36;6,14;4,97;0;43;1;0;0;0;0;2;1;0
6462;P;Por;Okoye;Udinese;21;6,17;4,93;0;25;0;0;0;0;0;2;0;0
6482;P;Por;Mandas;Lazio;8;6,25;5,5;0;6;0;0;0;0;0;0;0;0
4312;P;Por;Maignan;Milan;29;6,05;4,86;0;34;0;0;0;0;1;1;1;0
2722;P;Por;Ravaglia F.;Bologna;6;6,33;6,33;0;3;1;0;0;0;0;0;0;0
509;P;Por;Consigli;Sassuolo;35;6,14;4,27;0;68;1;0;0;0;0;1;0;0
574;P;Por;Scuffet;Cagliari;31;6,13;4,31;0;55;0;0;0;0;0;3;0;0
4270;P;Por;Rui Patricio;Roma;23;5,98;4,78;0;27;0;0;0;0;0;1;0;0
4867;P;Por;Turati;Frosinone;31;6,19;4,42;0;58;1;0;0;0;0;0;0;0
4;P;Por;Sportiello;Milan;7;6,14;4,57;0;11;0;0;0;0;0;0;0;0
761;P;Por;Audero;Inter;4;6;5,25;0;3;0;0;0;0;0;0;0;0
2792;P;Por;Musso;Atalanta;11;6,14;5,05;0;12;0;0;0;0;0;0;0;0
218;P;Por;Perin;Juventus;3;6;5,67;0;1;0;0;0;0;0;0;0;0
2294;P;Por;Cerofolini;Frosinone;8;5,94;4,25;0;11;0;0;0;0;0;1;0;1
6120;P;Por;Ochoa;Salernitana;21;6,31;4,21;0;44;0;0;0;0;0;0;0;0
316;P;Por;Berisha;Empoli;14;6,11;4,54;0;25;1;0;0;0;0;0;0;0
511;P;Por;Perilli;Verona;1;7,5;5,5;0;2;0;0;0;0;0;0;0;0
1926;P;Por;Di Gennaro;Inter;1;6,5;6,5;0;0;0;0;0;0;0;0;0;0
1930;P;Por;Pinsoglio;Juventus;1;6,5;6,5;0;0;0;0;0;0;0;0;0;0
2297;P;Por;Rossi F.;Atalanta;1;6,5;6,5;0;0;0;0;0;0;0;0;0;0
188;P;Por;Leali;Genoa;2;6,5;5,25;0;2;0;0;0;0;0;1;0;0
610;P;Por;Gollini;Napoli;7;6;4,86;0;8;0;0;0;0;0;0;0;0
1946;P;Por;Aresti;Cagliari;1;6;5;0;1;0;0;0;0;0;0;0;0
1947;P;Por;Fiorillo;Salernitana;4;6;3,88;0;8;0;0;0;0;0;1;0;0
2178;P;Por;Cragno;Sassuolo;3;6;3,67;0;7;0;0;0;0;0;0;0;0
2211;P;Por;Silvestri;Udinese;17;5,82;4,18;0;28;0;0;0;0;0;0;0;0
5853;P;Por;Sorrentino A.;Monza;7;6;3,71;0;16;0;0;0;0;0;0;0;0
3;P;Por;Radunovic;Cagliari;7;5,71;4;0;12;0;0;0;0;0;0;0;0
41;P;Por;Mirante;Milan;2;6,25;4,75;0;3;0;0;0;0;0;0;0;0
159;P;Por;Sepe;Lazio;0;0;0;0;0;0;0;0;0;0;0;0;0
217;P;Por;Lamanna;Monza;0;0;0;0;0;0;0;0;0;0;0;0;0
219;P;Por;Sommariva;Genoa;0;0;0;0;0;0;0;0;0;0;0;0;0
510;P;Por;Pegolo;Sassuolo;0;0;0;0;0;0;0;0;0;0;0;0;0
543;P;Por;Padelli;Udinese;0;0;0;0;0;0;0;0;0;0;0;0;0
673;P;Por;Perisan;Empoli;1;5;3;0;2;0;0;0;0;0;0;0;0
2338;P;Por;Costil;Salernitana;13;6,19;3,96;0;29;0;0;0;0;0;0;0;0
2799;P;Por;Frattali;Frosinone;0;0;0;0;0;0;0;0;0;0;0;0;0
2845;P;Por;Contini;Napoli;1;6;6;0;0;0;0;0;0;0;0;0;0
4351;P;Por;Brancolini;Lecce;0;0;0;0;0;0;0;0;0;0;0;0;0
4468;P;Por;Bleve;Lecce;0;0;0;0;0;0;0;0;0;0;0;0;0
4491;P;Por;Berardi A.;Verona;0;0;0;0;0;0;0;0;0;0;0;0;0
4525;P;Por;Gemello;Torino;2;5;2,5;0;5;0;0;0;0;0;0;0;0
5304;P;Por;Boer;Roma;0;0;0;0;0;0;0;0;0;0;0;0;0
5502;P;Por;Adamonis;Lazio;0;0;0;0;0;0;0;0;0;0;0;0;0
5707;P;Por;Piana;Udinese;0;0;0;0;0;0;0;0;0;0;0;0;0
5822;P;Por;Bagnolini;Bologna;0;0;0;0;0;0;0;0;0;0;0;0;0
5832;P;Por;Luis Maximiano;Lazio;0;0;0;0;0;0;0;0;0;0;0;0;0
6184;P;Por;Martinelli T.;Fiorentina;1;6,5;4,5;0;2;0;0;0;0;0;0;0;0
6210;P;Por;Popa;Torino;0;0;0;0;0;0;0;0;0;0;0;0;0
6234;P;Por;Stubljar;Empoli;0;0;0;0;0;0;0;0;0;0;0;0;0
6248;P;Por;Stankovic F.;Inter;0;0;0;0;0;0;0;0;0;0;0;0;0
6255;P;Por;Gori;Monza;0;0;0;0;0;0;0;0;0;0;0;0;0
6403;P;Por;Christensen O.;Fiorentina;4;5,5;3,25;0;9;0;0;0;0;0;0;0;0
6406;P;Por;Borbei;Lecce;0;0;0;0;0;0;0;0;0;0;0;0;0
6415;P;Por;Palmisani;Frosinone;0;0;0;0;0;0;0;0;0;0;0;0;0
6505;P;Por;Nava;Milan;1;5,5;4,5;0;1;0;0;0;0;0;0;0;0
6509;P;Por;Gasperini T.;Bologna;0;0;0;0;0;0;0;0;0;0;0;0;0
6523;P;Por;Samooja;Lecce;0;0;0;0;0;0;0;0;0;0;0;0;0
6569;P;Por;Stolz;Genoa;0;0;0;0;0;0;0;0;0;0;0;0;0
254;D;E;Dimarco;Inter;30;6,48;7,18;5;0;0;0;0;0;6;0;0;0
4433;D;"Dd;Ds;E";Zortea;Frosinone;19;6,16;6,63;2;0;0;0;0;0;5;4;0;0
5513;D;E;Dumfries;Inter;30;6,1;6,53;4;0;0;0;0;0;3;2;1;0
2724;D;Dc;Buongiorno;Torino;29;6,31;6,5;3;0;0;0;0;0;0;7;0;0
4292;D;"Ds;E";Hernandez T.;Milan;32;6,17;6,45;5;0;0;2;1;1;3;10;1;0
513;D;Dc;Acerbi;Inter;29;6,17;6,5;3;0;0;0;0;0;1;1;0;0
2120;D;Dc;Bastoni;Inter;28;6,32;6,45;1;0;0;0;0;0;3;5;0;0
2788;D;Dc;Bremer;Juventus;36;6,24;6,36;3;0;0;0;0;0;0;9;0;0
4887;D;"Dd;E";Bellanova;Torino;36;6,14;6,35;1;0;0;0;0;0;7;5;0;0
5877;D;E;Carlos Augusto;Inter;35;6,14;6,21;0;0;0;0;0;0;3;1;0;0
2525;D;"Dd;Dc";Darmian;Inter;32;6,14;6,33;2;0;0;0;0;0;1;2;0;0
4945;D;"Ds;E";Calafiori;Bologna;27;6,35;6,57;2;0;0;0;0;0;4;4;0;1
5323;D;Dc;Martinez Quarta;Fiorentina;28;6,04;6,41;5;0;0;0;0;0;0;9;0;0
5365;D;"Dd;Dc";Dragusin;Genoa;19;6,11;6,45;2;0;0;0;0;0;1;1;0;0
5514;D;"Ds;Dc";Vasquez;Genoa;35;6,16;6,19;1;0;0;0;0;0;1;6;0;0
6217;D;Dc;Bisseck;Inter;11;6,36;7;2;0;0;0;0;0;1;0;0;0
2169;D;"Ds;Dc";Rodriguez R.;Torino;35;6,11;6,17;1;0;0;0;0;0;1;4;0;0
2816;D;"Dd;E";Di Lorenzo;Napoli;36;6,07;6,21;1;0;0;0;0;0;5;6;0;0
4751;D;Dc;Tomori;Milan;25;6;6,32;4;0;0;0;0;0;0;6;1;0
5526;D;Dc;Scalvini;Atalanta;33;6,06;6,2;1;0;0;0;0;0;3;3;0;0
393;D;Dc;Luperto;Empoli;38;6;6,05;1;0;0;0;0;0;1;4;0;0
2296;D;Dc;Mancini;Roma;35;5,99;6,2;4;0;0;0;0;0;0;9;0;0
4210;D;Dc;Mina;Cagliari;15;6,03;6,27;2;0;0;1;1;0;0;5;0;0
5375;D;E;Maehle;Atalanta;0;0;0;0;0;0;0;0;0;0;0;0;0
5867;D;"Dd;E";Gendrey;Lecce;37;5,92;6,09;2;0;0;0;0;0;3;5;0;0
6066;D;"Dd;Dc";Posch;Bologna;30;6,1;6,15;1;0;0;0;0;0;2;7;0;0
322;D;Dc;De Vrij;Inter;22;6,27;6,41;1;0;0;0;0;0;0;0;0;0
554;D;E;Zappacosta;Atalanta;31;5,92;6,06;2;0;0;0;0;0;1;5;0;0
1852;D;E;Spinazzola;Roma;23;6,09;6,3;1;0;0;0;0;0;2;0;0;0
4177;D;"Dd;Dc";Pavard;Inter;21;6,29;6,24;0;0;0;0;0;0;2;6;0;0
4237;D;"Dd;Ds;Dc";Danilo;Juventus;28;6,09;6,11;1;0;0;0;0;0;1;7;0;0
4502;D;"Ds;E";Gallo;Lecce;34;5,94;6;0;0;0;0;0;0;3;2;0;0
5354;D;"Ds;E";Ruggeri;Atalanta;33;5,97;6,08;0;0;0;0;0;0;5;3;0;0
5520;D;"Dd;Ds;E";Cambiaso;Juventus;34;6;6,12;2;0;0;0;0;0;3;10;0;0
5555;D;"Ds;E";Kamara H.;Udinese;31;6,06;6,1;1;0;0;0;0;0;0;4;0;0
5831;D;Dc;Gatti;Juventus;32;5,97;6,11;4;0;0;0;0;0;0;7;0;2
6042;D;Dc;Lucumi';Bologna;29;6,1;6,07;0;0;0;0;0;0;0;2;0;0
6235;D;"Dd;Ds;E";Kayode;Fiorentina;26;6,06;6,17;1;0;0;0;0;0;1;2;0;0
252;D;"Ds;E";Biraghi;Fiorentina;28;5,96;6,11;2;0;0;1;0;1;5;8;0;0
327;D;"Dd;Dc";Patric;Lazio;19;6,08;6,29;2;0;0;0;0;0;0;4;0;0
357;D;"Dd;E";Calabria;Milan;29;5,95;6,03;1;0;0;0;0;0;3;3;2;0
464;D;"Dd;Ds;E";Florenzi;Milan;27;6;6,19;1;0;0;0;0;0;4;5;0;0
2006;D;"Dd;E";Lirola;Frosinone;24;5,75;6,02;2;0;0;0;0;0;1;1;0;0
2160;D;E;Gosens;Inter;0;0;0;0;0;0;0;0;0;0;0;0;0
2640;D;"Ds;Dc";Kolasinac;Atalanta;29;6,03;6,07;1;0;0;0;0;0;0;4;0;0
4409;D;Dc;Rrahmani;Napoli;30;5,93;6,15;3;0;0;0;0;0;0;5;0;0
4772;D;"Ds;E";Angelino;Roma;16;5,94;5,88;0;0;0;0;0;0;2;2;0;1
6148;D;"Ds;E";Kristiansen;Bologna;30;5,97;6;0;0;0;0;0;0;3;4;0;0
294;D;Dc;Rugani;Juventus;14;6,11;6,46;2;0;0;0;0;0;0;2;0;0
487;D;"Dd;E";De Silvestri;Bologna;12;6,17;6,67;2;0;0;0;0;0;0;0;0;0
787;D;Dc;Djimsiti;Atalanta;36;5,94;5,92;0;0;0;0;0;0;1;4;0;0
2285;D;Dc;Bani;Genoa;27;6,02;6,07;2;0;0;0;0;0;0;9;0;0
4332;D;Dc;Demiral;Atalanta;0;0;0;0;0;0;0;0;0;0;0;0;0
4385;D;E;Lazaro;Torino;30;6,02;6,07;0;0;0;0;0;0;3;3;0;0
4401;D;Dc;Gabbia;Milan;17;6,06;6,26;2;0;0;0;0;0;0;5;0;0
4426;D;"Dd;E";Toljan;Sassuolo;24;5,92;6,06;0;0;0;0;0;0;4;1;0;0
4461;D;"Dd;E";Zappa;Cagliari;37;5,8;5,91;1;0;0;0;0;0;2;2;0;0
4899;D;E;Singo;Torino;0;0;0;0;0;0;0;0;0;0;0;0;0
4904;D;Dc;Mari';Monza;33;5,98;5,88;0;0;0;0;0;0;0;7;0;0
5838;D;"Dd;Ds;E";Birindelli;Monza;32;6;5,89;0;0;0;0;0;0;0;7;0;0
5847;D;Dc;Bijol;Udinese;24;6,08;6;0;0;0;0;0;0;0;4;0;0
5856;D;"Dd;E";Sambia;Salernitana;16;5,91;6,09;1;0;0;0;0;0;2;4;0;0
6202;D;Dc;Beukema;Bologna;30;6,02;6,02;1;0;0;0;0;0;0;4;1;0
6230;D;Dc;Dossena;Cagliari;35;5,84;5,94;2;0;0;0;0;0;4;5;0;2
76;D;Dc;Romagnoli S.;Frosinone;33;5,83;5,83;1;0;0;0;0;0;0;6;0;0
791;D;"Dd;Ds;E";Sabelli;Genoa;31;5,92;5,87;0;0;0;0;0;0;1;5;0;0
2653;D;"Ds;E";Lykogiannis;Bologna;18;5,97;6,36;2;0;0;0;0;0;2;2;0;0
2769;D;Dc;Magnani;Verona;30;6;5,9;0;0;0;0;0;0;0;6;0;0
4245;D;Dc;Smalling;Roma;6;5,83;5,83;0;0;0;0;0;0;0;0;0;0
4331;D;Dc;Ibanez;Roma;0;0;0;0;0;0;0;0;0;0;0;0;0
4421;D;"Ds;E";Augello;Cagliari;32;5,77;5,81;1;0;0;0;0;0;1;5;0;0
4952;D;Dc;Monterisi;Frosinone;18;5,83;6,25;2;0;0;0;0;0;2;1;0;0
5239;D;Dc;Llorente D.;Roma;29;5,91;5,97;1;0;0;0;0;0;1;5;0;0
5603;D;Dc;Pongracic;Lecce;36;5,94;5,81;0;0;0;0;0;0;0;8;1;0
5677;D;Dc;Perez N.;Udinese;36;5,94;5,82;0;0;0;0;0;0;0;7;1;0
5678;D;E;Holm;Atalanta;18;5,94;6,08;1;0;0;0;0;0;1;5;0;0
5982;D;"Dd;E";Spence;Genoa;15;6;5,97;0;0;0;0;0;0;0;1;0;0
6041;D;Dc;Schuurs;Torino;9;6,11;6,33;1;0;0;0;0;0;0;2;0;0
6047;D;"Dd;E";Ehizibue;Udinese;20;5,88;5,82;0;0;0;0;0;0;1;4;0;0
6257;D;"Ds;E";Dorgu;Lecce;29;5,9;6;2;0;0;0;0;0;0;6;0;0
459;D;Dc;Manolas;Salernitana;8;5,81;5,81;0;0;0;0;0;0;0;0;0;0
460;D;Dc;Romagnoli;Lazio;28;5,96;5,8;0;0;0;0;0;0;0;9;0;0
2104;D;"Dd;E";Bereszynski;Empoli;23;5,85;5,83;0;0;0;0;0;0;1;3;0;0
2188;D;"Dd;Ds;E";Marusic;Lazio;37;5,72;5,73;1;0;0;0;0;0;0;3;1;0
2263;D;"Dd;E";Lazzari;Lazio;24;5,94;5,9;0;0;0;0;0;0;2;4;1;0
2318;D;"Ds;E";Rogerio;Sassuolo;0;0;0;0;0;0;0;0;0;0;0;0;0
2593;D;"Ds;E";Martin;Genoa;20;5,92;5,92;0;0;0;0;0;0;2;2;1;0
4317;D;Dc;N'Dicka;Roma;25;5,86;5,86;0;0;0;0;0;0;3;6;0;0
4378;D;"Ds;Dc";Ranieri L.;Fiorentina;25;5,86;5,88;2;0;0;0;0;0;1;14;0;0
4530;D;"Ds;E";Kyriakopoulos;Monza;27;5,87;5,93;0;0;0;0;0;0;3;3;0;0
4982;D;Dc;Erlic;Sassuolo;32;5,77;5,78;1;0;0;0;0;0;0;5;0;0
4994;D;E;Vojvoda;Torino;21;5,88;5,95;0;0;0;0;0;0;3;3;0;0
5067;D;E;Bakker;Atalanta;9;5,72;6;1;0;0;0;0;0;0;1;0;0
5481;D;"Dd;Ds;E";Mazzocchi;Napoli;25;5,68;5,64;0;0;0;0;0;0;2;4;1;0
5527;D;"Dd;E";Zanoli;Salernitana;18;5,83;5,75;0;0;0;0;0;0;2;4;0;1
5750;D;Dc;Ostigard;Napoli;20;5,9;6;1;0;0;0;0;0;0;2;0;0
5764;D;Dc;Coppola D.;Verona;20;5,85;5,92;2;0;0;0;0;0;0;9;0;0
5833;D;Dc;Gila;Lazio;21;6,02;5,93;0;0;0;0;0;0;0;2;1;0
5851;D;"Ds;E";Doig;Sassuolo;28;5,82;5,77;0;0;0;0;0;0;2;7;0;0
5862;D;"Ds;E";Valeri;Frosinone;15;5,6;5,57;0;0;0;0;0;0;1;3;0;0
6046;D;Dc;Hien;Atalanta;22;5,95;5,82;0;0;0;0;0;0;0;4;1;0
6245;D;"Dd;Dc";Vogliacco;Genoa;15;6,03;5,97;0;0;0;0;0;0;1;4;0;0
6432;D;"Dd;Ds;E";Pierozzi;Salernitana;12;6;6;1;0;0;0;0;0;0;6;0;0
6485;D;Dc;Kristensen T.;Udinese;26;5,79;5,75;0;0;0;0;0;0;1;2;1;0
49;D;"Ds;Dc";Masina;Torino;15;5,87;5,8;0;0;0;0;0;0;0;2;0;0
697;D;E;Cuadrado;Inter;10;6,05;6,2;0;0;0;0;0;0;2;1;0;0
1895;D;Dc;Ferrari G.;Sassuolo;27;5,56;5,59;1;0;0;0;0;0;0;4;0;0
2180;D;"Dd;E";Karsdorp;Roma;18;6,03;6,08;0;0;0;0;0;0;2;2;0;0
2405;D;Dc;Boateng J.;Salernitana;6;5,83;5,83;0;0;0;0;0;0;0;0;0;0
4374;D;Dc;Walukiewicz;Empoli;27;5,76;5,65;0;0;0;0;0;0;0;6;0;0
4925;D;"Ds;Dc";Carboni A.;Monza;21;5,88;6;1;0;0;0;0;0;0;1;0;0
4958;D;"Ds;Dc";Caldirola;Monza;29;5,79;5,78;1;0;0;0;0;0;0;5;1;0
5010;D;Dc;Ismajli;Empoli;25;5,72;5,68;0;0;0;0;0;0;0;2;0;0
5332;D;"Ds;E";Bastoni S.;Empoli;12;5,88;6;1;0;0;0;0;0;0;3;0;0
5532;D;"Ds;E";Bradaric;Salernitana;34;5,72;5,74;0;0;0;0;0;0;3;5;0;0
5695;D;"Ds;E";Haps;Genoa;14;5,93;6;0;0;0;0;0;0;1;0;0;0
5718;D;Dc;Viti;Sassuolo;14;5,89;5,96;1;0;0;0;0;0;0;0;0;1
5739;D;"Dd;Dc";De Winter;Genoa;29;5,84;5,74;0;0;0;0;0;0;1;6;1;0
5804;D;"Ds;E";Cacace;Empoli;28;5,73;5,66;0;0;0;0;0;0;1;6;0;0
5835;D;"Dd;Dc";Baschirotto;Lecce;37;5,76;5,72;0;0;0;0;0;0;1;3;1;0
5840;D;"Ds;E";Olivera;Napoli;22;5,82;5,89;1;0;0;0;0;0;0;3;0;0
6039;D;"Ds;Dc";Cabal;Verona;19;5,82;5,66;0;0;0;0;0;0;0;6;0;0
6211;D;"Ds;E";Zemura;Udinese;21;5,86;5,98;1;0;0;0;0;0;0;1;0;0
6433;D;Dc;Huijsen;Roma;11;5,86;6,05;2;0;0;0;0;0;0;4;0;1
140;D;"Dd;Ds;E";Hysaj;Lazio;20;5,7;5,65;0;0;0;0;0;0;0;2;0;0
226;D;Dc;Izzo;Monza;20;5,82;5,62;0;0;0;0;0;0;0;9;0;0
253;D;"Dd;Ds;Dc";D'Ambrosio;Monza;24;5,79;5,69;0;0;0;0;0;0;0;3;1;0
256;D;"Ds;Dc";Juan Jesus;Napoli;24;5,69;5,67;1;0;0;0;0;0;0;7;0;0
286;D;Dc;Bonucci;Juventus;0;0;0;0;0;0;0;0;0;0;0;0;0
418;D;Dc;Goldaniga;Cagliari;13;5,65;5,54;0;0;0;0;0;0;0;3;0;0
662;D;"Ds;Dc";Alex Sandro;Juventus;10;6;6,25;1;0;0;0;0;0;0;1;0;0
695;D;Dc;Toloi;Atalanta;14;5,89;5,68;0;0;0;0;0;0;0;4;1;0
729;D;"Dd;E";Pereira P.;Monza;19;5,76;5,74;0;0;0;0;0;0;1;3;0;0
1891;D;"Dd;Dc";Ceccherini;Verona;0;0;0;0;0;0;0;0;0;0;0;0;0
2016;D;Dc;Fazio;Salernitana;17;5,71;5,85;1;0;0;0;0;0;1;3;0;0
2083;D;"Dd;Dc";Biraschi;Genoa;1;6;9;1;0;0;0;0;0;0;0;0;0
2130;D;E;Hateboer;Atalanta;18;5,83;5,78;0;0;0;0;0;0;1;5;0;0
2164;D;Dc;Milenkovic;Fiorentina;30;5,67;5,6;0;0;0;0;0;0;0;4;0;0
2252;D;"Ds;Dc";Marchizza;Frosinone;13;6;6,19;0;0;0;0;0;0;3;1;0;0
2633;D;Dc;Kjaer;Milan;15;5,83;5,87;0;0;0;0;0;0;1;1;0;0
2728;D;"Ds;E";Pellegrini Lu.;Lazio;17;5,79;5,76;1;0;0;0;0;0;0;5;1;0
4432;D;Dc;Okoli;Frosinone;34;5,72;5,62;0;0;0;0;0;0;1;9;0;0
4493;D;Dc;Dawidowicz;Verona;26;5,77;5,6;0;0;0;0;0;0;0;5;0;1
4657;D;"Dd;E";Celik;Roma;12;5,92;5,88;0;0;0;0;0;0;0;1;0;0
4802;D;"Ds;E";Vinagre;Verona;7;5,79;5,79;0;0;0;0;0;0;0;0;0;0
4897;D;Dc;Pirola;Salernitana;25;5,5;5,54;1;0;0;0;0;0;0;4;0;0
5449;D;"Ds;E";Parisi;Fiorentina;21;5,69;5,64;0;0;0;0;0;0;1;4;0;0
5509;D;"Ds;E";Vina;Sassuolo;15;5,7;5,6;0;0;0;0;0;0;3;1;0;2
5812;D;"Dd;E";Terracciano F.;Milan;19;5,89;5,89;0;0;0;0;0;0;1;2;0;0
5848;D;"Dd;E";Ebosele;Udinese;30;5,83;5,73;0;0;0;0;0;0;0;4;1;0
6231;D;"Ds;E";Azzi;Cagliari;22;5,84;5,82;0;0;0;0;0;0;0;1;0;0
6256;D;"Dd;E";Ferreira J.;Udinese;30;5,67;5,55;0;0;0;0;0;0;1;9;0;0
6576;D;"Dd;E";Centonze;Verona;9;5,67;5,67;0;0;0;0;0;0;1;2;0;0
142;D;"Ds;E";Mario Rui;Napoli;19;5,82;5,74;0;0;0;0;0;0;2;5;1;0
770;D;"Ds;E";Pezzella Giu.;Empoli;15;5,63;5,5;0;0;0;0;0;0;0;4;0;0
2192;D;Dc;Bonifazi;Frosinone;6;5,75;5,75;0;0;0;0;0;0;0;0;0;0
2869;D;Dc;Djidji;Torino;12;5,96;5,88;0;0;0;0;0;0;0;2;0;0
4976;D;"Dd;Dc";Kalulu;Milan;7;5,86;5,86;0;0;0;0;0;0;0;0;0;0
5447;D;Dc;Altare;Cagliari;0;0;0;0;0;0;0;0;0;0;0;0;0
5450;D;"Dd;E";Stojanovic;Empoli;0;0;0;0;0;0;0;0;0;0;0;0;0
5498;D;Dc;Casale;Lazio;19;5,68;5,55;0;0;0;0;0;0;0;5;0;0
6055;D;Dc;Thiaw;Milan;20;5,68;5,4;0;0;0;0;0;0;0;5;1;1
6189;D;"Dd;E";Missori;Sassuolo;6;5,75;5,75;0;0;0;0;0;0;0;0;0;0
6220;D;"Dd;E";Kristensen;Roma;26;5,67;5,69;1;0;0;0;0;0;2;5;0;1
6426;D;"Dd;E";Pedersen;Sassuolo;23;5,72;5,72;0;0;0;0;0;0;2;4;0;0
660;D;Dc;Gyomber;Salernitana;22;5,36;5,07;0;0;0;0;0;0;0;9;0;1
2174;D;"Dd;Ds;E";Venuti;Lecce;6;5,5;5,42;0;0;0;0;0;0;0;1;0;0
4263;D;Dc;Kabasele;Udinese;10;5,75;5,8;1;0;0;0;0;0;0;5;0;0
4934;D;Dc;Lovato;Torino;19;5,53;5,45;0;0;0;0;0;0;0;3;0;0
5017;D;"Ds;E";Ballo-Toure';Milan;0;0;0;0;0;0;0;0;0;0;0;0;0
5316;D;"Ds;Dc";Amione;Verona;8;5,69;5,56;0;0;0;0;0;0;0;2;0;0
5406;D;"Dd;E";Di Pardo;Cagliari;9;5,67;5,67;0;0;0;0;0;0;0;0;0;0
5480;D;"Dd;E";Ebuehi;Empoli;15;5,8;5,87;0;0;0;0;0;0;1;0;0;0
5533;D;"Dd;Ds;Dc";Djalo';Juventus;1;6;6;0;0;0;0;0;0;0;0;0;0
5554;D;"Dd;Dc";Daniliuc;Salernitana;11;5,45;5,36;0;0;0;0;0;0;0;2;0;0
5686;D;E;Soppy;Torino;3;5,83;5,83;0;0;0;0;0;0;0;0;0;0
5691;D;Dc;Zima;Torino;3;6;6;0;0;0;0;0;0;0;0;0;0
5701;D;Dc;Obert;Cagliari;13;5,35;5,31;0;0;0;0;0;0;0;1;0;0
5747;D;Dc;Tressoldi;Sassuolo;23;5,28;5,13;0;0;0;0;0;0;0;5;1;0
5748;D;"Dd;E";Hefti;Genoa;5;5,7;5,7;0;0;0;0;0;0;0;0;0;0
5757;D;Dc;Cittadini;Genoa;3;6;5,83;0;0;0;0;0;0;0;1;0;0
5885;D;"Dd;E";Dodo';Fiorentina;6;5,75;5,75;0;0;0;0;0;0;0;0;0;0
6023;D;Dc;Guessand A.;Udinese;1;5,5;5,5;0;0;0;0;0;0;0;0;0;0
6238;D;"Dd;Ds;Dc";Oyono;Frosinone;14;5,82;5,75;0;0;0;0;0;0;1;4;0;0
6244;D;Dc;Matturro;Genoa;3;5,5;4,83;0;0;0;0;0;0;0;0;0;1
6401;D;Dc;Gonzalez F.;Juventus;0;0;0;0;0;0;0;0;0;0;0;0;0
6438;D;"Dd;Dc";Hatzidiakos;Cagliari;13;5,5;5,46;0;0;0;0;0;0;0;1;0;0
6444;D;Dc;Bonfanti;Atalanta;2;5,75;5,75;0;0;0;0;0;0;0;0;0;0
6460;D;Dc;Pellegrino;Salernitana;10;5,35;5,3;0;0;0;0;0;0;0;1;0;0
6464;D;Dc;Wieteska;Cagliari;15;5,57;5,5;0;0;0;0;0;0;1;2;1;0
6465;D;"Ds;Dc";Touba;Lecce;6;5,42;5,33;0;0;0;0;0;0;0;1;0;0
6496;D;"Ds;E";Bartesaghi;Milan;3;6;6;0;0;0;0;0;0;0;0;0;0
6533;D;Dc;Giannetti L.;Udinese;7;5,79;5,64;1;0;0;0;0;0;0;4;0;1
6574;D;Dc;Pasalidis;Salernitana;7;5,5;5,36;0;0;0;0;0;0;0;3;0;0
139;D;Dc;Dermaku;Lecce;0;0;0;0;0;0;0;0;0;0;0;0;0
144;D;Dc;Tonelli;Empoli;0;0;0;0;0;0;0;0;0;0;0;0;0
358;D;"Dd;Ds;E";De Sciglio;Juventus;1;6;6;0;0;0;0;0;0;0;0;0;0
454;D;Dc;Capradossi;Cagliari;0;0;0;0;0;0;0;0;0;0;0;0;0
581;D;"Dd;E";Faraoni;Fiorentina;16;5,72;5,62;0;0;0;0;0;0;1;5;0;0
1876;D;"Ds;E";Pajac;Genoa;0;0;0;0;0;0;0;0;0;0;0;0;0
2181;D;Dc;Palomino;Atalanta;0;0;0;0;0;0;0;0;0;0;0;0;0
2446;D;"Dd;Dc";Donati;Monza;1;5;4,5;0;0;0;0;0;0;0;1;0;0
2737;D;Dc;Bettella;Monza;0;0;0;0;0;0;0;0;0;0;0;0;0
2758;D;Dc;Gunter;Verona;0;0;0;0;0;0;0;0;0;0;0;0;0
4495;D;Dc;Kumbulla;Sassuolo;5;5,4;4,9;0;0;0;0;0;0;0;1;0;1
4891;D;Dc;Soumaoro;Bologna;0;0;0;0;0;0;0;0;0;0;0;0;0
5399;D;Dc;Antov;Monza;0;0;0;0;0;0;0;0;0;0;0;0;0
5424;D;"Dd;Dc";Amey;Bologna;0;0;0;0;0;0;0;0;0;0;0;0;0
5994;D;"Ds;Dc";Ebosse;Udinese;0;0;0;0;0;0;0;0;0;0;0;0;0
6021;D;"Dd;Dc";Abankwah;Udinese;0;0;0;0;0;0;0;0;0;0;0;0;0
6028;D;"Dd;Dc";Bronn;Salernitana;2;5,75;5,75;0;0;0;0;0;0;0;0;0;0
6043;D;Dc;Sosa;Bologna;0;0;0;0;0;0;0;0;0;0;0;0;0
6056;D;Dc;Guarino;Empoli;0;0;0;0;0;0;0;0;0;0;0;0;0
6149;D;"Ds;E";Carboni F.;Monza;0;0;0;0;0;0;0;0;0;0;0;0;0
6208;D;Dc;Flamingo;Sassuolo;0;0;0;0;0;0;0;0;0;0;0;0;0
6223;D;Dc;Smajlovic;Lecce;0;0;0;0;0;0;0;0;0;0;0;0;0
6237;D;Dc;Szyminski;Frosinone;0;0;0;0;0;0;0;0;0;0;0;0;0
6239;D;"Ds;E";Klitten;Frosinone;0;0;0;0;0;0;0;0;0;0;0;0;0
6253;D;Dc;N'Guessan;Torino;0;0;0;0;0;0;0;0;0;0;0;0;0
6396;D;Dc;Natan;Napoli;13;5,81;5,69;0;0;0;0;0;0;0;1;1;0
6407;D;"Dd;Ds;E";Corazza;Bologna;5;5,9;5,8;0;0;0;0;0;0;0;1;0;0
6411;D;Dc;Mateus Lusuardi;Frosinone;3;5,17;5;0;0;0;0;0;0;0;1;0;0
6430;D;Dc;Kalaj;Frosinone;0;0;0;0;0;0;0;0;0;0;0;0;0
6474;D;Dc;Sazonov;Torino;8;5,75;5,69;0;0;0;0;0;0;0;2;0;0
6495;D;Dc;Comuzzo;Fiorentina;2;6;5,75;0;0;0;0;0;0;0;1;0;0
6521;D;Dc;Simic J.;Milan;3;6,17;7,17;1;0;0;0;0;0;0;0;0;0
6531;D;"Dd;Ds;E";Jimenez A.;Milan;1;5;4,5;0;0;0;0;0;0;0;1;0;0
6537;D;"Dd;Dc";Goglichidze;Empoli;0;0;0;0;0;0;0;0;0;0;0;0;0
6551;D;Dc;Ilic M.;Bologna;0;0;0;0;0;0;0;0;0;0;0;0;0
2194;C;"M;C";Calhanoglu;Inter;32;6,47;7,7;13;0;0;10;10;0;3;5;0;0
5800;C;"T;A";Gudmundsson A.;Genoa;35;6,47;7,64;14;0;0;5;4;1;4;4;0;0
2423;C;"T;A";Pulisic;Milan;36;6,33;7,5;12;0;0;0;0;0;7;2;0;0
5685;C;"C;T";Koopmeiners;Atalanta;34;6,4;7,53;12;0;0;2;2;0;5;5;0;0
5995;C;T;De Ketelaere;Atalanta;33;6,32;7,39;10;0;0;1;1;0;8;1;0;1
2167;C;W;Orsolini;Bologna;31;6,16;7,06;10;0;0;3;2;1;2;2;0;0
536;C;W;Politano;Napoli;37;6,19;6,89;8;0;0;3;2;1;7;2;1;0
5878;C;"C;T";Colpani;Monza;38;6,2;6,92;8;0;0;0;0;0;4;1;0;0
332;C;W;Candreva;Salernitana;34;6,21;6,87;6;0;0;1;1;0;7;5;0;0
530;C;"C;T";Pellegrini Lo.;Roma;29;6,14;6,95;8;0;0;1;1;0;3;7;0;0
2848;C;C;Frattesi;Inter;28;6,27;7;6;0;0;0;0;0;3;1;0;0
367;C;"C;T";Bonaventura;Fiorentina;31;6,21;6,89;8;0;0;1;0;1;3;6;0;0
2077;C;T;Pasalic;Atalanta;33;6,21;6,89;6;0;0;2;2;0;6;3;0;0
2085;C;"C;T";Luis Alberto;Lazio;32;6,27;6,84;5;0;0;0;0;0;7;7;0;0
5858;C;"C;T";Ferguson;Bologna;31;6,39;6,94;6;0;0;0;0;0;3;8;0;0
2529;C;"C;T";Mkhitaryan;Inter;36;6,4;6,68;2;0;0;0;0;0;6;4;0;0
5119;C;"C;T";Samardzic;Udinese;33;6,18;6,74;6;0;0;1;1;0;2;3;0;0
6206;C;C;Fabbian;Bologna;22;6,23;6,86;5;0;0;0;0;0;1;4;0;0
181;C;"M;C";Vecino;Lazio;25;6,16;6,78;6;0;0;0;0;0;1;8;0;0
5001;C;"T;A";Miranchuk;Atalanta;22;6,2;6,82;3;0;0;0;0;0;5;1;0;0
5792;C;"C;T";Ederson D.s.;Atalanta;36;6,14;6,56;6;0;0;0;0;0;1;8;0;0
335;C;"W;A";Felipe Anderson;Lazio;38;6,08;6,59;5;0;0;0;0;0;6;3;0;0
1870;C;C;Barella;Inter;37;6,38;6,53;2;0;0;0;0;0;3;7;0;0
6061;C;"W;T";Oudin;Lecce;31;6,18;6,48;3;0;0;0;0;0;2;3;0;0
632;C;"W;A";Zaccagni;Lazio;28;6,23;6,77;6;0;0;0;0;0;1;8;0;0
1976;C;"M;C";Mazzitelli;Frosinone;29;6,1;6,52;5;0;0;0;0;0;0;4;1;0
4199;C;C;Loftus-Cheek;Milan;29;6,12;6,69;6;0;0;0;0;0;1;5;0;0
4364;C;"C;T";Gaetano;Cagliari;17;6,12;6,88;5;0;0;1;1;0;0;2;1;0
5791;C;"E;M";Frendrup;Genoa;37;6,23;6,42;2;0;0;0;0;0;4;6;0;0
302;C;"C;W";Pereyra;Udinese;26;6,12;6,58;4;0;0;1;1;0;3;6;0;0
440;C;C;Viola;Cagliari;25;6,2;6,7;5;0;0;1;0;1;2;3;0;0
779;C;"M;C";Cristante;Roma;37;6,11;6,35;3;0;0;0;0;0;4;8;0;0
2379;C;C;Rabiot;Juventus;31;6,08;6,5;5;0;0;0;0;0;2;8;0;0
4947;C;"M;C";Brescianini;Frosinone;35;6,09;6,44;4;0;0;0;0;0;1;1;0;0
5919;C;W;Tchaouna;Salernitana;29;6,07;6,52;4;0;0;0;0;0;3;4;0;0
2741;C;"C;T";Pessina;Monza;37;6,07;6,46;6;0;0;5;4;1;2;3;1;0
4892;C;W;Saelemaekers;Bologna;30;6,08;6,47;4;0;0;0;0;0;3;5;1;0
4896;C;"T;A";Maldini;Monza;16;6,19;6,97;4;0;0;0;0;0;1;1;0;0
6106;C;"T;A";Carboni V.;Monza;25;6,02;6,32;2;0;0;0;0;0;2;2;0;0
6224;C;"M;C";Reijnders;Milan;36;6,12;6,38;3;0;0;0;0;0;4;8;0;0
795;C;"W;A";El Shaarawy;Roma;29;6,05;6,4;3;0;0;0;0;0;2;2;0;0
2818;C;"M;C";Bennacer;Milan;18;6,08;6,47;2;0;0;1;1;0;2;2;0;0
4427;C;T;Malinovskyi;Genoa;23;6,22;6,63;4;0;0;0;0;0;1;7;0;0
4973;C;C;Mckennie;Juventus;33;6,2;6,32;0;0;0;0;0;0;7;6;0;0
5687;C;"W;T";Vlasic;Torino;33;6,02;6,3;3;0;0;0;0;0;2;3;0;0
5688;C;"M;C";Harroui;Frosinone;17;6,15;6,79;3;0;0;1;1;0;3;2;0;0
5844;C;"C;T";Thorstvedt;Sassuolo;34;5,94;6,4;6;0;0;0;0;0;1;7;0;0
6486;C;"C;W;T";Suslov;Verona;30;6,12;6,47;3;0;0;1;1;0;5;7;0;0
526;C;C;Duncan;Fiorentina;26;6,08;6,46;2;0;0;0;0;0;5;2;0;0
4285;C;"M;C";Arthur Melo;Fiorentina;32;6,12;6,34;2;0;0;1;1;0;2;2;0;0
4869;C;"M;C";Dominguez;Bologna;2;5,75;5,75;0;0;0;0;0;0;0;0;0;0
6252;C;"C;T";Folorunsho;Verona;33;6;6,41;5;0;0;0;0;0;1;5;0;0
152;C;"C;T";Zielinski;Napoli;27;5,94;6,33;3;0;0;1;1;0;2;1;0;0
170;C;"M;C";Badelj;Genoa;32;6,05;6,14;1;0;0;0;0;0;3;6;0;0
1933;C;"M;C";Mandragora;Fiorentina;30;5,95;6,28;3;0;0;0;0;0;3;5;0;0
2172;C;T;Barak;Fiorentina;13;6,08;6,62;2;0;0;0;0;0;2;2;0;0
4186;C;"C;T";Guendouzi;Lazio;33;6,02;6,21;2;0;0;0;0;0;3;3;1;0
4404;C;"M;C";Thorsby;Genoa;21;5,98;6,31;2;0;0;0;0;0;2;2;0;0
4479;C;"C;W;T";Elmas;Napoli;9;6;6,56;2;0;0;0;0;0;0;2;0;0
4514;C;"E;C";Nandez;Cagliari;30;6,03;6,2;2;0;0;1;1;0;2;7;0;0
5007;C;C;Ilic;Torino;28;6,07;6,38;3;0;0;0;0;0;1;3;0;0
5063;C;W;Radonjic;Torino;8;6,06;7,19;3;0;0;0;0;0;0;1;0;0
5719;C;"M;C";Asllani;Inter;16;6,22;6,5;1;0;0;0;0;0;2;1;0;0
6573;C;"C;T";Alcaraz;Juventus;7;5,93;6,07;0;0;0;0;0;0;1;0;0;0
236;C;"E;W";Lazovic;Verona;31;5,87;6,19;3;0;0;1;1;0;2;0;1;0
468;C;"M;C";Paredes;Roma;34;5,99;6,13;3;0;0;3;3;0;4;14;1;0
788;C;"M;C";Freuler;Bologna;32;6,11;6,06;1;0;0;0;0;0;0;9;0;0
4142;C;"C;T";Aouar;Roma;13;5,92;6,73;4;0;0;0;0;0;0;3;0;0
4377;C;"C;T";Castrovilli;Fiorentina;5;6,3;7,3;1;0;0;0;0;0;2;0;0;0
4970;C;W;Messias;Genoa;17;6,18;6,35;1;0;0;0;0;0;0;0;0;0
5823;C;"T;A";Baldanzi;Roma;24;6,08;6,27;2;0;0;0;0;0;0;3;0;0
5870;C;"M;C";Hjulmand;Lecce;0;0;0;0;0;0;0;0;0;0;0;0;0
6218;C;"W;T;A";Oristanio;Cagliari;24;6,1;6,38;2;0;0;0;0;0;1;1;0;0
827;C;"M;C";Locatelli;Juventus;35;5,83;5,94;1;0;0;0;0;0;4;6;0;0
2117;C;"C;T";Kastanos;Salernitana;24;6;6,29;3;0;0;0;0;0;0;5;0;0
2392;C;"M;C";Walace;Udinese;37;5,93;6;2;0;0;0;0;0;0;7;0;0
2528;C;"M;C";Matic;Roma;0;0;0;0;0;0;0;0;0;0;0;0;0
4342;C;"C;T";Duda;Verona;32;6,05;5,98;1;0;0;1;0;1;5;10;2;0
4486;C;W;Strefezza;Lecce;19;5,82;5,87;1;0;0;1;1;0;0;4;0;0
4856;C;"W;A";Chukwueze;Milan;20;6,02;6,25;1;0;0;0;0;0;2;1;0;0
4988;C;C;Maggiore;Salernitana;26;5,87;6,19;4;0;0;0;0;0;1;7;1;0
5564;C;"W;A";Ndoye;Bologna;31;6,02;6,08;1;0;0;0;0;0;1;4;0;0
6112;C;W;Iling Junior;Juventus;20;5,98;6,2;1;0;0;0;0;0;2;1;0;0
6225;C;"M;C";El Azzouzi;Bologna;9;6,11;6,83;2;0;0;0;0;0;2;4;0;0
22;C;"M;C";De Roon;Atalanta;30;5,97;5,97;0;0;0;0;0;0;5;10;0;0
376;C;"W;T";Verdi;Torino;0;0;0;0;0;0;0;0;0;0;0;0;0
801;C;"M;C";Gagliardini;Monza;32;5,88;5,92;1;0;0;0;0;0;1;5;0;0
2839;C;W;Sottil;Fiorentina;18;5,97;6,44;2;0;0;0;0;0;3;1;0;0
4287;C;"M;C";Lobotka;Napoli;38;5,93;5,91;0;0;0;0;0;0;1;4;0;0
4376;C;C;Zurkowski;Empoli;13;6,04;6,81;4;0;0;0;0;0;0;4;0;0
4393;C;"M;C";Schouten;Bologna;0;0;0;0;0;0;0;0;0;0;0;0;0
4658;C;W;Ikone';Fiorentina;26;5,79;6,08;3;0;0;0;0;0;1;5;0;0
4711;C;"E;W";Kostic;Juventus;29;5,91;5,98;0;0;0;0;0;0;3;2;0;0
4965;C;"M;C";Marin;Empoli;28;5,98;6,02;0;0;0;0;0;0;2;3;0;0
5451;C;T;Bajrami;Sassuolo;24;5,94;6,27;2;0;0;0;0;0;2;0;0;0
5511;C;C;Matheus Henrique;Sassuolo;31;5,79;5,92;2;0;0;0;0;0;2;6;1;0
5788;C;"T;A";Sabiri;Fiorentina;0;0;0;0;0;0;0;0;0;0;0;0;0
5850;C;"C;T";Lovric;Udinese;29;5,97;6,09;1;0;0;0;0;0;2;1;1;0
5948;C;"C;T";Kamada;Lazio;25;5,88;6,1;2;0;0;0;0;0;1;3;0;0
6212;C;C;Zarraga;Udinese;7;6,07;6,93;2;0;0;0;0;0;0;0;0;0
6458;C;"C;T";Serdar;Verona;23;6,07;5,96;0;0;0;0;0;0;1;7;0;0
470;C;"M;C";Strootman;Genoa;23;5,96;5,96;0;0;0;0;0;0;2;4;0;0
4220;C;"M;C";Zambo Anguissa;Napoli;33;5,82;5,85;0;0;0;0;0;0;2;2;0;0
5093;C;"W;T";Reinier;Frosinone;16;5,97;6,31;2;0;0;0;0;0;1;3;0;0
5267;C;"M;C";Racic;Sassuolo;18;5,89;6,08;1;0;0;0;0;0;1;1;0;0
5397;C;"C;T";Kovalenko;Empoli;16;5,94;6,16;1;0;0;0;0;0;1;1;0;0
5423;C;C;Bove;Roma;28;5,96;5,96;0;0;0;0;0;0;1;2;0;0
5453;C;"M;C";Ricci S.;Torino;30;5,9;5,87;1;0;0;0;0;0;0;6;1;0
5784;C;"C;W;T";Aebischer;Bologna;31;6;5,9;0;0;0;0;0;0;1;8;0;0
5875;C;T;Adli;Milan;21;5,98;6,14;1;0;0;0;0;0;2;3;0;0
5999;C;C;Gonzalez J.;Lecce;27;5,94;5,94;1;0;0;0;0;0;0;6;0;0
6054;C;"M;C";Moro N.;Bologna;17;6,03;6,21;1;0;0;0;0;0;0;0;0;0
6424;C;"M;C";Prati;Cagliari;26;5,92;6;1;0;0;0;0;0;1;4;0;0
6481;C;"C;T";Payero;Udinese;28;5,88;6,02;2;0;0;0;0;0;2;6;1;0
4459;C;"M;C";Rovella;Lazio;21;6,12;6,07;0;0;0;0;0;0;2;6;0;0
4522;C;"M;C";Amrabat;Fiorentina;0;0;0;0;0;0;0;0;0;0;0;0;0
4992;C;"W;A";Gyasi;Empoli;29;5,66;5,69;1;0;0;0;0;0;2;9;0;0
5735;C;T;Volpato;Sassuolo;17;5,85;6;1;0;0;0;0;0;0;1;0;0
5869;C;"M;C";Blin;Lecce;28;5,79;5,75;0;0;0;0;0;0;1;4;0;0
5992;C;"C;T";Bondo;Monza;25;5,84;5,78;1;0;0;0;0;0;0;9;0;0
6010;C;"C;T";Fazzini;Empoli;25;5,92;5,96;1;0;0;0;0;0;1;6;0;0
6024;C;"M;C";Sulemana I.;Cagliari;19;5,89;6,13;2;0;0;0;0;0;0;4;0;0
6219;C;"M;C";Boloca;Sassuolo;30;5,85;5,82;1;0;0;0;0;0;0;6;1;0
6532;C;E;Buchanan;Inter;7;6,07;6,5;1;0;0;0;0;0;0;0;0;0
6579;C;W;Mitrovic S.;Verona;10;5,9;5,9;0;0;0;0;0;0;0;0;0;0
150;C;"W;T";Saponara;Verona;10;6;6;0;0;0;0;0;0;0;0;0;0
333;C;"M;C";Cataldi;Lazio;22;5,98;5,95;1;0;0;0;0;0;0;8;0;0
1871;C;"M;C";Deiola;Cagliari;22;5,7;5,59;1;0;0;0;0;0;0;7;0;1
1987;C;"E;C";Jankto;Cagliari;16;5,84;6,16;1;0;0;0;0;0;2;0;0;0
2008;C;"M;C";Linetty;Torino;26;5,92;5,69;0;0;0;0;0;0;0;12;0;0
2154;C;"W;T";Vignato;Salernitana;7;6;6,07;0;0;0;0;0;0;1;1;0;0
2857;C;"W;T";Traore' Hj.;Napoli;8;5,81;5,75;0;0;0;0;0;0;0;1;0;0
4662;C;"E;W";Weah;Juventus;25;5,92;5,86;0;0;0;0;0;0;1;5;0;0
4890;C;"M;C";Tameze;Torino;28;5,79;5,73;0;0;0;0;0;0;2;6;1;0
5295;C;C;Musah;Milan;25;5,92;5,86;0;0;0;0;0;0;1;5;0;0
5425;C;"C;T";Urbanski;Bologna;18;5,92;5,83;0;0;0;0;0;0;0;3;0;0
5457;C;C;Maleh;Empoli;34;5,79;5,66;0;0;0;0;0;0;1;11;0;0
5499;C;"M;C";Hongla;Verona;14;5,82;5,82;0;0;0;0;0;0;0;0;0;0
5504;C;"M;C";Coulibaly L.;Salernitana;27;5,72;5,65;0;0;0;0;0;0;0;5;0;0
5998;C;W;Zerbin;Monza;16;5,78;5,78;0;0;0;0;0;0;1;0;1;0
6175;C;"M;C";Barrenechea;Frosinone;35;5,84;5,73;0;0;0;0;0;0;1;10;0;0
6222;C;"C;T";Rafia;Lecce;24;5,92;5,88;1;0;0;0;0;0;0;4;0;1
6394;C;"M;C";Ramadani;Lecce;34;5,82;5,72;1;0;0;0;0;0;0;13;0;0
6480;C;W;Tchatchoua;Verona;25;5,76;5,76;0;0;0;0;0;0;1;2;0;0
27;C;M;Grassi;Empoli;26;5,92;5,77;0;0;0;0;0;0;1;4;1;1
1980;C;"W;T";Aramu;Genoa;0;0;0;0;0;0;0;0;0;0;0;0;0
2543;C;C;Renato Sanches;Roma;5;5,8;6,2;1;0;0;0;0;0;0;2;0;0
4465;C;"C;T";Fagioli;Juventus;8;6,06;6,25;0;0;0;0;0;0;2;1;0;0
5286;C;"M;C";Akpa Akpro;Monza;14;5,82;5,64;0;0;0;0;0;0;0;5;0;0
5422;C;E;Zalewski;Roma;22;5,8;5,77;0;0;0;0;0;0;1;1;1;0
5813;C;"C;T";Miretti;Juventus;20;5,78;5,9;1;0;0;0;0;0;1;3;0;0
5834;C;"M;C";Marcos Antonio;Lazio;0;0;0;0;0;0;0;0;0;0;0;0;0
5880;C;"E;W";Ciurria;Monza;22;5,86;5,86;0;0;0;0;0;0;1;2;0;0
5884;C;C;Ranocchia F.;Empoli;9;5,89;5,72;0;0;0;0;0;0;0;3;0;0
6216;C;W;Mboula;Verona;7;5,71;5,86;0;0;0;0;0;0;1;0;0;0
6232;C;"M;C";Makoumbou;Cagliari;32;5,62;5,61;1;0;0;0;0;0;0;3;2;0
6241;C;"C;W;T";Gelli;Frosinone;20;5,85;5,78;0;0;0;0;0;0;0;3;0;0
6402;C;"M;C";Cajuste;Napoli;22;5,8;5,68;0;0;0;0;0;0;1;7;0;0
6423;C;"M;C";Legowski;Salernitana;23;5,72;5,65;0;0;0;0;0;0;0;3;0;0
6479;C;"M;C";Kutlu;Genoa;6;6;6;0;0;0;0;0;0;0;0;0;0
6492;C;"C;W;T";Ibrahimovic A.;Frosinone;8;6,06;6,5;1;0;0;0;0;0;1;1;0;0
6562;C;"M;C";Dani Silva;Verona;9;5,83;5,72;0;0;0;0;0;0;0;2;0;0
148;C;"M;C";Krunic;Milan;9;5,89;5,72;0;0;0;0;0;0;0;3;0;0
1978;C;"C;T";Sensi;Inter;1;6,5;6,5;0;0;0;0;0;0;0;0;0;0
2161;C;"M;C";Haas;Empoli;1;5,5;5;0;0;0;0;0;0;0;1;0;0
4182;C;"C;T";Klaassen;Inter;6;6;6;0;0;0;0;0;0;0;1;0;0
4498;C;"C;T";Henderson L.;Empoli;0;0;0;0;0;0;0;0;0;0;0;0;0
4681;C;"M;C";Lopez M.;Fiorentina;16;5,75;5,66;0;0;0;0;0;0;0;1;1;0
5782;C;C;Kourfalidis;Cagliari;0;0;0;0;0;0;0;0;0;0;0;0;0
5798;C;"M;C";Bohinen;Genoa;14;5,86;5,82;0;0;0;0;0;0;0;1;0;0
5879;C;"T;A";Vignato S.;Monza;8;6;6,25;1;0;0;0;0;0;0;2;0;0
5949;C;"W;T";Lindstrom;Napoli;16;5,91;5,84;0;0;0;0;0;0;0;2;0;0
6170;C;C;Gineitis;Torino;10;6,05;5,95;0;0;0;0;0;0;0;2;0;0
6246;C;"M;C";Lipani;Sassuolo;7;6;6;0;0;0;0;0;0;0;0;0;0
6410;C;"M;C";Kaba;Lecce;22;5,82;5,73;0;0;0;0;0;0;0;2;1;0
6448;C;T;Martegani;Salernitana;15;5,83;6;1;0;0;0;0;0;0;1;0;0
500;C;C;Lulic K.;Frosinone;1;6;6;0;0;0;0;0;0;0;0;0;0
694;C;W;Baez;Frosinone;10;6;6,25;1;0;0;0;0;0;0;1;0;0
2144;C;C;Coulibaly M.;Salernitana;0;0;0;0;0;0;0;0;0;0;0;0;0
2274;C;"C;T";Valoti;Monza;0;0;0;0;0;0;0;0;0;0;0;0;0
4272;C;M;Dendoncker;Napoli;0;0;0;0;0;0;0;0;0;0;0;0;0
4349;C;"M;C";Nicolussi Caviglia;Juventus;6;5,92;6;0;0;0;0;0;0;1;1;0;0
4501;C;"M;C";Obiang;Sassuolo;7;5,57;5,5;0;0;0;0;0;0;0;1;0;0
4870;C;"M;C";Adopo;Atalanta;4;5,75;6;0;0;0;0;0;0;1;0;0;0
5674;C;C;Basic;Salernitana;14;5,54;5,36;0;0;0;0;0;0;0;5;0;0
6191;C;"M;C";Belahyane;Verona;2;6,25;6,25;0;0;0;0;0;0;0;0;0;0
6236;C;"M;C";Amatucci;Fiorentina;1;5,5;5,5;0;0;0;0;0;0;0;0;0;0
6393;C;"W;T";Infantino;Fiorentina;3;5,83;5,67;0;0;0;0;0;0;0;1;0;0
6420;C;"C;T";Pagano;Roma;2;6;6;0;0;0;0;0;0;0;0;0;0
6582;C;"C;W";Gomis I.;Salernitana;5;5,7;5,7;0;0;0;0;0;0;0;0;0;0
21;C;"E;W";D'Alessandro;Monza;0;0;0;0;0;0;0;0;0;0;0;0;0
26;C;"W;T";Gomez;Monza;2;6,25;6,25;0;0;0;0;0;0;0;0;0;0
65;C;T;Mancosu;Cagliari;3;5,33;4,33;0;0;0;1;0;1;0;0;0;0
303;C;"C;T";Pogba;Juventus;2;6;6;0;0;0;0;0;0;0;0;0;0
557;C;C;Benassi;Fiorentina;0;0;0;0;0;0;0;0;0;0;0;0;0
666;C;C;Machin;Monza;8;5,94;5,81;0;0;0;0;0;0;0;2;0;0
2076;C;"M;C";Rog;Cagliari;0;0;0;0;0;0;0;0;0;0;0;0;0
2121;C;C;Melegoni;Genoa;0;0;0;0;0;0;0;0;0;0;0;0;0
2183;C;"W;T";Garritano;Frosinone;10;5,9;5,85;0;0;0;0;0;0;0;1;0;0
2286;C;"C;T";Crociata;Empoli;0;0;0;0;0;0;0;0;0;0;0;0;0
2692;C;W;Castillejo;Sassuolo;11;5,77;5,68;0;0;0;0;0;0;0;2;0;0
2825;C;"M;C";Bourabia;Frosinone;5;5,5;5,4;0;0;0;0;0;0;0;1;0;0
4384;C;C;Jagiello;Genoa;1;5;5;0;0;0;0;0;0;0;0;0;0
4725;C;M;Demme;Napoli;2;6,25;6,5;0;0;0;0;0;0;1;1;0;0
4787;C;"C;W;T";Quina;Udinese;0;0;0;0;0;0;0;0;0;0;0;0;0
5298;C;C;Pobega;Milan;7;5,93;5,93;0;0;0;0;0;0;0;0;0;0
5510;C;W;Romero L.;Milan;2;6;5,75;0;0;0;0;0;0;0;1;0;0
5772;C;"C;T";Pyyhtia;Bologna;0;0;0;0;0;0;0;0;0;0;0;0;0
5824;C;"T;A";Pafundi;Udinese;0;0;0;0;0;0;0;0;0;0;0;0;0
5872;C;"C;T";Helgason;Lecce;0;0;0;0;0;0;0;0;0;0;0;0;0
5947;C;C;Hrustic;Verona;0;0;0;0;0;0;0;0;0;0;0;0;0
6005;C;"C;T";Ilkhan;Torino;0;0;0;0;0;0;0;0;0;0;0;0;0
6009;C;"M;C";Degli Innocenti;Empoli;0;0;0;0;0;0;0;0;0;0;0;0;0
6168;C;"M;C";Faticanti;Lecce;0;0;0;0;0;0;0;0;0;0;0;0;0
6190;C;C;Pisilli;Roma;0;0;0;0;0;0;0;0;0;0;0;0;0
6203;C;"M;C";Belardinelli;Empoli;0;0;0;0;0;0;0;0;0;0;0;0;0
6221;C;"M;C";Camara E.;Udinese;0;0;0;0;0;0;0;0;0;0;0;0;0
6233;C;C;Lella;Cagliari;0;0;0;0;0;0;0;0;0;0;0;0;0
6240;C;"C;T";Haoudi;Frosinone;0;0;0;0;0;0;0;0;0;0;0;0;0
6251;C;"M;C";Saco;Napoli;0;0;0;0;0;0;0;0;0;0;0;0;0
6254;C;"M;C";Joselito;Verona;0;0;0;0;0;0;0;0;0;0;0;0;0
6507;C;C;Nonge;Juventus;1;5;4,5;0;0;0;0;0;0;0;1;0;0
6563;C;T;Popovic;Monza;0;0;0;0;0;0;0;0;0;0;0;0;0
2764;A;Pc;Martinez L.;Inter;33;6,65;8,73;24;0;0;3;2;1;2;5;0;0
309;A;A;Dybala;Roma;27;6,48;8,2;13;0;0;7;7;0;9;3;0;0
2137;A;Pc;Scamacca;Atalanta;28;6,41;7,89;12;0;0;0;0;0;6;1;0;0
4200;A;Pc;Giroud;Milan;34;6,26;7,71;15;0;0;5;4;1;8;0;1;0
4661;A;Pc;Osimhen;Napoli;25;6,36;7,88;15;0;0;5;3;2;2;4;1;0
4871;A;Pc;Thuram;Inter;35;6,54;7,81;13;0;0;0;0;0;7;3;0;0
4730;A;A;Lookman;Atalanta;30;6,37;7,63;11;0;0;0;0;0;7;4;0;0
2841;A;Pc;Vlahovic;Juventus;33;6,18;7,42;16;0;0;4;2;2;3;6;1;0
4510;A;A;Rafael Leao;Milan;33;6,39;7,41;9;0;0;0;0;0;9;5;0;0
608;A;Pc;Zapata D.;Torino;37;6,26;7,36;13;0;0;0;0;0;3;2;0;0
4179;A;A;Gonzalez N.;Fiorentina;29;6,31;7,4;12;0;0;3;1;2;2;1;0;0
5086;A;Pc;Zirkzee;Bologna;34;6,43;7,4;11;0;0;2;2;0;4;8;0;0
2002;A;A;Chiesa;Juventus;32;6,28;7,17;9;0;0;1;1;0;2;1;0;0
5839;A;A;Kvaratskhelia;Napoli;34;6,25;7,25;11;0;0;0;0;0;5;8;0;0
531;A;A;Berardi;Sassuolo;17;6,53;8,06;9;0;0;5;5;0;2;6;0;0
5734;A;"W;A";Soule';Frosinone;36;6,29;7,07;11;0;0;6;5;1;2;4;0;1
2531;A;Pc;Lukaku;Roma;32;6,09;7,2;13;0;0;1;0;1;3;5;1;0
5786;A;Pc;Cabral;Fiorentina;0;0;0;0;0;0;0;0;0;0;0;0;0
6227;A;Pc;Okafor;Milan;24;6,21;7,02;6;0;0;0;0;0;2;1;0;0
5694;A;Pc;Beto;Udinese;1;5,5;5,5;0;0;0;0;0;0;0;0;0;0
6228;A;Pc;Retegui;Genoa;29;6,09;6,79;7;0;0;1;1;0;2;5;0;0
441;A;Pc;Belotti;Fiorentina;24;6,21;7,1;6;0;0;0;0;0;4;1;0;0
2038;A;Pc;Pinamonti;Sassuolo;37;5,92;6,7;11;0;0;3;2;1;1;4;0;0
6145;A;A;Ngonge;Napoli;28;6,14;6,86;7;0;0;0;0;0;2;6;0;0
6215;A;Pc;Lucca;Udinese;34;6,04;6,75;8;0;0;0;0;0;3;6;0;0
5297;A;A;Luvumbo;Cagliari;30;6,27;6,75;4;0;0;0;0;0;5;5;0;0
5471;A;Pc;Djuric;Monza;36;6,08;6,67;9;0;0;3;1;2;2;4;0;0
6409;A;Pc;Beltran L.;Fiorentina;30;6,12;6,65;6;0;0;1;1;0;1;6;0;0
6439;A;Pc;Cheddira;Frosinone;31;6,05;6,76;7;0;0;1;1;0;1;0;0;0
785;A;Pc;Immobile;Lazio;28;5,91;6,59;7;0;0;4;4;0;1;8;0;0
2369;A;A;Thauvin;Udinese;25;6,2;6,84;5;0;0;1;1;0;3;4;0;0
2475;A;A;Sanchez;Inter;19;6,18;6,76;2;0;0;1;1;0;5;0;0;0
4268;A;Pc;Arnautovic;Inter;24;6,15;6,9;5;0;0;0;0;0;3;0;0;0
6060;A;A;Lauriente';Sassuolo;37;5,99;6,46;5;0;0;0;0;0;5;5;0;0
507;A;Pc;Muriel;Atalanta;13;6,15;6,69;2;0;0;0;0;0;1;0;0;0
4359;A;Pc;Piccoli;Lecce;32;6,02;6,41;5;0;0;1;1;0;0;5;0;0
4371;A;A;Raspadori;Napoli;33;5,98;6,44;5;0;0;1;0;1;3;0;0;0
5506;A;A;Ekuban;Genoa;23;6,09;6,65;4;0;0;0;0;0;1;0;0;0
5795;A;Pc;Azmoun;Roma;15;6,23;6,77;3;0;0;0;0;0;0;4;0;0
6556;A;"W;A";Noslin;Verona;17;6,35;7,41;5;0;0;0;0;0;4;2;0;0
382;A;Pc;Niang;Empoli;14;6,36;7,68;6;0;0;4;4;0;1;1;0;0
2438;A;Pc;Jovic;Milan;19;5,89;6,79;6;0;0;0;0;0;1;2;1;0
2719;A;A;Barrow;Bologna;0;0;0;0;0;0;0;0;0;0;0;0;0
4436;A;A;Cambiaghi;Empoli;37;6,14;6,2;1;0;0;0;0;0;1;3;0;0
5672;A;Pc;Dia;Salernitana;17;5,85;6,53;4;0;0;1;1;0;0;1;0;0
5836;A;Pc;Ceesay;Lecce;0;0;0;0;0;0;0;0;0;0;0;0;0
5882;A;A;Mota;Monza;33;6;6,41;4;0;0;0;0;0;3;3;0;0
6164;A;Pc;Vitinha O.;Genoa;6;6,42;7,33;2;0;0;0;0;0;0;2;0;0
6226;A;Pc;Castellanos;Lazio;31;5,87;6,32;4;0;0;0;0;0;3;2;0;0
479;A;Pc;Sanabria;Torino;35;5,84;6,24;5;0;0;2;2;0;0;2;0;0
2012;A;Pc;Milik;Juventus;24;6;6,46;4;0;0;0;0;0;1;2;1;0
5311;A;Pc;Shomurodov;Cagliari;20;5,85;6,42;3;0;0;0;0;0;3;1;0;0
5500;A;A;Cancellieri;Empoli;34;6;6,31;4;0;0;0;0;0;2;7;0;0
6229;A;Pc;Toure' E.;Atalanta;9;6;6,56;2;0;0;0;0;0;0;2;0;0
6398;A;A;Isaksen;Lazio;23;6,07;6,46;3;0;0;0;0;0;1;3;0;0
6434;A;A;Yildiz;Juventus;21;6,05;6,29;2;0;0;0;0;0;0;3;0;0
6435;A;Pc;Krstovic;Lecce;33;5,91;6,3;7;0;0;3;1;2;1;4;1;0
495;A;A;Correa;Inter;0;0;0;0;0;0;0;0;0;0;0;0;0
2762;A;A;Kouame';Fiorentina;20;5,95;6,3;2;0;0;0;0;0;1;0;0;0
4517;A;A;Lozano;Napoli;0;0;0;0;0;0;0;0;0;0;0;0;0
6207;A;A;Almqvist;Lecce;30;5,98;6,13;2;0;0;0;0;0;1;5;0;0
537;A;A;Sansone;Lecce;22;6,02;6,3;2;0;0;0;0;0;2;4;0;0
1939;A;Pc;Lapadula;Cagliari;21;5,88;6,24;3;0;0;1;1;0;0;3;0;0
4923;A;Pc;Colombo;Monza;23;5,89;6,39;4;0;0;0;0;0;1;3;0;0
6001;A;A;Banda;Lecce;21;6,07;6,33;2;0;0;0;0;0;3;5;1;0
6580;A;Pc;Swiderski;Verona;13;6,08;6,54;2;0;0;0;0;0;0;0;0;0
247;A;Pc;Pavoletti;Cagliari;14;6,25;7,04;4;0;0;0;0;0;1;4;0;0
643;A;A;Defrel;Sassuolo;13;5,92;6,31;1;0;0;0;0;0;2;0;0;0
1857;A;A;Di Francesco F.;Lecce;1;7;10;1;0;0;0;0;0;0;0;0;0
4184;A;"W;A";Brekalo;Fiorentina;11;5,91;6,18;1;0;0;0;0;0;0;0;0;0
505;A;A;Bonazzoli;Verona;22;5,89;6,3;3;0;0;0;0;0;1;2;0;0
1997;A;Pc;Simy;Salernitana;11;6;6,82;3;0;0;0;0;0;0;0;0;0
2544;A;Pc;Abraham;Roma;6;5,83;6,25;1;0;0;0;0;0;0;1;0;0
2765;A;Pc;Odgaard;Bologna;9;6,22;7;2;0;0;0;0;0;1;1;0;0
5336;A;Pc;Nzola;Fiorentina;29;5,74;6,09;3;0;0;1;1;0;2;2;0;0
306;A;Pc;Cerri;Empoli;11;5,86;6,05;1;0;0;0;0;0;0;2;0;0
2489;A;A;Pedro;Lazio;26;5,92;6;1;0;0;0;0;0;1;4;0;0
2819;A;Pc;Caputo;Empoli;20;5,7;6,15;3;0;0;1;1;0;0;0;0;0
5505;A;Pc;Kaio Jorge;Frosinone;14;5,93;6,29;3;0;0;2;1;1;0;2;0;0
5637;A;Pc;Davis K.;Udinese;5;6,2;6,6;1;0;0;0;0;0;0;2;0;0
5807;A;A;Jovane;Salernitana;10;5,9;6,15;1;0;0;0;0;0;0;1;0;0
6119;A;A;Solbakken;Roma;1;5,5;5,5;0;0;0;0;0;0;0;0;0;0
6250;A;Pc;Maric;Monza;7;6,07;6,5;1;0;0;0;0;0;0;0;0;0
90;A;Pc;Lasagna;Verona;0;0;0;0;0;0;0;0;0;0;0;0;0
2103;A;Pc;Pellegri;Torino;15;5,87;6,03;1;0;0;0;0;0;1;3;0;0
2190;A;Pc;Coda M.;Genoa;0;0;0;0;0;0;0;0;0;0;0;0;0
5515;A;Pc;Okereke;Torino;5;5,8;5,8;0;0;0;0;0;0;0;0;0;0
5529;A;Pc;Henry;Verona;11;5,91;6,32;3;0;0;1;0;1;0;2;1;0
6549;A;A;Pierotti;Lecce;7;6,07;6,21;0;0;0;0;0;0;1;0;0;0
6572;A;Pc;Castro S.;Bologna;5;6;6,5;1;0;0;0;0;0;0;1;0;0
6584;A;Pc;Weissman;Salernitana;11;5,73;6;1;0;0;0;0;0;0;0;0;0
383;A;Pc;Petagna;Cagliari;15;5,8;6;1;0;0;0;0;0;1;2;0;0
2097;A;Pc;Kean;Juventus;14;6;5,93;0;0;0;0;0;0;0;2;0;0
2325;A;A;Karamoh;Torino;5;6,1;6,1;0;0;0;0;0;0;0;0;0;0
5676;A;A;Success;Udinese;19;5,84;5,82;1;0;0;1;0;1;1;4;0;0
6214;A;Pc;Cuni;Frosinone;9;5,94;6,28;1;0;0;0;0;0;0;0;0;0
6425;A;Pc;Ikwuemesi;Salernitana;23;5,67;5,8;1;0;0;0;0;0;1;2;0;0
2061;A;Pc;Simeone;Napoli;17;5,74;5,82;1;0;0;0;0;0;0;3;0;0
2466;A;Pc;Origi;Milan;0;0;0;0;0;0;0;0;0;0;0;0;0
4463;A;Pc;Esposito Se.;Inter;0;0;0;0;0;0;0;0;0;0;0;0;0
5446;A;Pc;Van Hooijdonk;Bologna;7;5,79;5,79;0;0;0;0;0;0;0;0;0;0
5806;A;A;Seck;Frosinone;14;5,93;5,89;0;0;0;0;0;0;0;1;0;0
6213;A;Pc;Brenner;Udinese;4;5,88;5,88;0;0;0;0;0;0;0;0;0;0
472;A;Pc;Destro;Empoli;11;5,68;5,59;0;0;0;0;0;0;0;2;0;0
1958;A;A;Caprari;Monza;5;5,9;5,9;0;0;0;0;0;0;0;0;0;0
5364;A;A;Caso;Frosinone;11;5,95;5,95;0;0;0;0;0;0;1;2;0;0
5842;A;Pc;Botheim;Salernitana;5;5,3;5,2;0;0;0;0;0;0;0;1;0;0
6205;A;Pc;Mulattieri;Sassuolo;12;5,88;5,88;0;0;0;0;0;0;0;1;0;0
6243;A;Pc;Borrelli;Frosinone;1;6;6;0;0;0;0;0;0;0;0;0;0
6395;A;Pc;Shpendi S.;Empoli;9;5,72;5,72;0;0;0;0;0;0;0;0;0;0
6459;A;A;Karlsson;Bologna;6;5,92;5,92;0;0;0;0;0;0;0;0;0;0
6558;A;A;Tavsan;Verona;2;6;6;0;0;0;0;0;0;0;0;0;0
281;A;Pc;Puscas;Genoa;3;5,33;5,33;0;0;0;0;0;0;0;0;0;0
2119;A;A;Deulofeu;Udinese;0;0;0;0;0;0;0;0;0;0;0;0;0
2122;A;Pc;Latte Lath;Atalanta;0;0;0;0;0;0;0;0;0;0;0;0;0
5060;A;A;Ake' M.;Udinese;0;0;0;0;0;0;0;0;0;0;0;0;0
5391;A;Pc;Kokorin;Fiorentina;0;0;0;0;0;0;0;0;0;0;0;0;0
5395;A;A;Braaf;Verona;0;0;0;0;0;0;0;0;0;0;0;0;0
5415;A;A;Traore' C.;Milan;1;7;10;1;0;0;0;0;0;0;0;0;0
5436;A;Pc;Raimondo;Bologna;0;0;0;0;0;0;0;0;0;0;0;0;0
5439;A;A;Kallon;Verona;0;0;0;0;0;0;0;0;0;0;0;0;0
5776;A;A;Ceide;Sassuolo;7;5,64;5,64;0;0;0;0;0;0;0;0;0;0
5837;A;Pc;Voelkerling Persson;Lecce;0;0;0;0;0;0;0;0;0;0;0;0;0
5843;A;A;Valencia D.;Salernitana;0;0;0;0;0;0;0;0;0;0;0;0;0
5845;A;Pc;Alvarez A.;Sassuolo;0;0;0;0;0;0;0;0;0;0;0;0;0
5874;A;A;Rodriguez P.;Lecce;0;0;0;0;0;0;0;0;0;0;0;0;0
6011;A;A;Ekong;Empoli;0;0;0;0;0;0;0;0;0;0;0;0;0
6160;A;Pc;Vivaldo;Udinese;0;0;0;0;0;0;0;0;0;0;0;0;0
6204;A;A;Kvernadze;Frosinone;2;5,75;5,75;0;0;0;0;0;0;0;0;0;0
6242;A;A;Bidaoui;Frosinone;0;0;0;0;0;0;0;0;0;0;0;0;0
6247;A;Pc;Yalcin;Genoa;0;0;0;0;0;0;0;0;0;0;0;0;0
6249;A;Pc;Diaw;Monza;0;0;0;0;0;0;0;0;0;0;0;0;0
6418;A;Pc;Burnete;Lecce;1;6;6;0;0;0;0;0;0;0;0;0;0
6419;A;A;Corfitzen;Lecce;0;0;0;0;0;0;0;0;0;0;0;0;0
6427;A;Pc;Stewart;Salernitana;3;5,83;5,83;0;0;0;0;0;0;0;0;0;0
6490;A;Pc;Cruz;Verona;3;5,67;5,67;0;0;0;0;0;0;0;0;0;0
6519;A;Pc;Camarda;Milan;0;0;0;0;0;0;0;0;0;0;0;0;0
6530;A;"W;A";Ghedjemis;Frosinone;5;6,2;6,1;0;0;0;0;0;0;0;1;0;0
6565;A;Pc;Ankeye;Genoa;2;5,75;5,75;0;0;0;0;0;0;0;0;0;0
6583;A;A;Kabic;Torino;0;0;0;0;0;0;0;0;0;0;0;0;0
